Date,Days,STIR,LSR,SSR,d1,d2,d3,d4,d5
27/10/1997,Monday,,,,1,0,0,0,0
28/10/1997,Tuesday,-0.096718799,-0.088550397,-0.091322524,0,1,0,0,0
29/10/1997,Wednesday,0.066769095,0.05313934,0.03066018,0,0,1,0,0
30/10/1997,Thursday,0,0,0,0,0,0,1,0
31/10/1997,Friday,0.020107813,0.00222491,0.015985781,0,0,0,0,1
3/11/1997,Monday,0.069216173,0.057975565,0.093426208,1,0,0,0,0
4/11/1997,Tuesday,-0.001592056,0.003858144,-0.009744166,0,1,0,0,0
5/11/1997,Wednesday,0.003892031,0.00976306,-0.029868976,0,0,1,0,0
6/11/1997,Thursday,-0.000413852,-0.005668235,-0.003814517,0,0,0,1,0
7/11/1997,Friday,-0.022637855,-0.026350435,-0.014014803,0,0,0,0,1
10/11/1997,Monday,-0.017570371,0.000687893,-0.022599117,1,0,0,0,0
11/11/1997,Tuesday,0.009989748,0.009769837,-0.001417887,0,1,0,0,0
12/11/1997,Wednesday,-0.00564497,-0.004190605,-0.011523468,0,0,1,0,0
13/11/1997,Thursday,-0.003791808,-0.002842125,-0.011119801,0,0,0,1,0
14/11/1997,Friday,0.006503327,0.01425923,-0.002503467,0,0,0,0,1
17/11/1997,Monday,0.011865563,0.013695935,0.002206508,1,0,0,0,0
18/11/1997,Tuesday,-0.007042684,-0.011125509,-0.001391335,0,1,0,0,0
19/11/1997,Wednesday,-0.015584232,-0.01477712,-0.021171712,0,0,1,0,0
20/11/1997,Thursday,-0.011550839,-0.003198558,-0.023550095,0,0,0,1,0
21/11/1997,Friday,0.008712839,0.011077851,-0.01643591,0,0,0,0,1
24/11/1997,Monday,0.019006786,0.015035154,-0.021014387,1,0,0,0,0
25/11/1997,Tuesday,-0.019537784,-0.013438965,-0.014279453,0,1,0,0,0
26/11/1997,Wednesday,0.010239844,0.004171621,-0.001520864,0,0,1,0,0
27/11/1997,Thursday,0.01451201,0.011724663,-0.01177985,0,0,0,1,0
28/11/1997,Friday,0.000789558,-0.006701283,0.03841486,0,0,0,0,1
1/12/1997,Monday,0.003762353,-0.001700484,-0.015981487,1,0,0,0,0
2/12/1997,Tuesday,0.020101555,0.018480224,0.024623647,0,1,0,0,0
3/12/1997,Wednesday,-0.013774741,-0.003993547,-0.026231419,0,0,1,0,0
4/12/1997,Thursday,-0.001069422,0.002346114,-0.033749623,0,0,0,1,0
5/12/1997,Friday,0.006946421,0.009653757,-0.000585271,0,0,0,0,1
8/12/1997,Monday,0.023186792,0.01257687,0.026400238,1,0,0,0,0
9/12/1997,Tuesday,-0.011467848,-0.013763911,-0.007380697,0,1,0,0,0
10/12/1997,Wednesday,-0.01803358,-0.01919362,-0.011662981,0,0,1,0,0
11/12/1997,Thursday,-0.034441855,-0.022823695,-0.020439613,0,0,0,1,0
12/12/1997,Friday,-0.012970401,-0.009959049,-0.031544243,0,0,0,0,1
15/12/1997,Monday,-0.026651943,-0.01873622,-0.047824303,1,0,0,0,0
16/12/1997,Tuesday,-0.022417914,-0.023949806,-0.007125596,0,1,0,0,0
17/12/1997,Wednesday,0.022707436,0.011430468,0.019985275,0,0,1,0,0
18/12/1997,Thursday,0.022835127,0.013501425,0.021072103,0,0,0,1,0
19/12/1997,Friday,-0.012807613,-0.003158752,0.02048553,0,0,0,0,1
22/12/1997,Monday,-0.01688405,-0.020628888,-0.192523326,1,0,0,0,0
23/12/1997,Tuesday,0.00559684,-0.000306995,-0.025298868,0,1,0,0,0
24/12/1997,Wednesday,-0.001875642,0.029351254,0.120178834,0,0,1,0,0
25/12/1997,Thursday,0,0,0,0,0,0,1,0
26/12/1997,Friday,-0.001967127,-0.002401766,0.014550246,0,0,0,0,1
29/12/1997,Monday,-0.009702774,-0.002922512,-0.038361737,1,0,0,0,0
30/12/1997,Tuesday,0.01805828,0.027036887,0.010742683,0,1,0,0,0
31/12/1997,Wednesday,0.011601546,0.006044997,0.017427149,0,0,1,0,0
1/1/1998,Thursday,0,0,0,0,0,0,1,0
2/1/1998,Friday,-0.007563436,-0.013404638,-0.004667826,0,0,0,0,1
5/1/1998,Monday,-0.013395565,-0.014343109,-0.024056278,1,0,0,0,0
6/1/1998,Tuesday,-0.033458348,-0.021602654,-0.097373191,0,1,0,0,0
7/1/1998,Wednesday,-0.03992358,-0.027638917,-0.034562436,0,0,1,0,0
8/1/1998,Thursday,-0.082768882,-0.079848438,0.038457591,0,0,0,1,0
9/1/1998,Friday,-0.072514672,-0.066752445,-0.049793066,0,0,0,0,1
12/1/1998,Monday,-0.081432799,-0.108416929,-0.10876112,1,0,0,0,0
13/1/1998,Tuesday,0.090804716,0.091981273,0.08919128,0,1,0,0,0
14/1/1998,Wednesday,0.044698888,0.027827286,0.040366735,0,0,1,0,0
15/1/1998,Thursday,-0.015254568,-0.025963509,-0.039438054,0,0,0,1,0
16/1/1998,Friday,0.022599329,0.03197423,0.008303957,0,0,0,0,1
19/1/1998,Monday,0.078457415,0.087075624,0.053271291,1,0,0,0,0
20/1/1998,Tuesday,-0.010828698,-0.023427958,-0.023777546,0,1,0,0,0
21/1/1998,Wednesday,-0.003958768,-0.004724136,-0.014270087,0,0,1,0,0
22/1/1998,Thursday,-0.034616534,-0.040862559,-0.010095312,0,0,0,1,0
23/1/1998,Friday,-0.014721068,-0.019876996,0.027006914,0,0,0,0,1
26/1/1998,Monday,0.002813651,0.000166292,0.004301241,1,0,0,0,0
27/1/1998,Tuesday,0.002860693,0.00737981,0.001413433,0,1,0,0,0
28/1/1998,Wednesday,0,0,0,0,0,1,0,0
29/1/1998,Thursday,0,0,0,0,0,0,1,0
30/1/1998,Friday,0,0,0,0,0,0,0,1
2/2/1998,Monday,0.148684901,0.141924245,0.080750712,1,0,0,0,0
3/2/1998,Tuesday,-0.024241246,-0.017481428,0.012579879,0,1,0,0,0
4/2/1998,Wednesday,-0.011723921,0.000895985,-0.012933337,0,0,1,0,0
5/2/1998,Thursday,0.019620043,0.026946977,0.034153012,0,0,0,1,0
6/2/1998,Friday,0.023132946,0.018448116,0.067559028,0,0,0,0,1
9/2/1998,Monday,-0.009944621,0.000875028,-0.077592269,1,0,0,0,0
10/2/1998,Tuesday,0.001193439,0.003081456,0.036664411,0,1,0,0,0
11/2/1998,Wednesday,0.012981162,0.009300194,0.052059502,0,0,1,0,0
12/2/1998,Thursday,-0.022787766,-0.017047137,-0.071653119,0,0,0,1,0
13/2/1998,Friday,-0.018120917,-0.022260059,0.003651342,0,0,0,0,1
16/2/1998,Monday,-0.038864811,-0.031801095,-0.022842191,1,0,0,0,0
17/2/1998,Tuesday,0.024277797,0.022275504,0.008896642,0,1,0,0,0
18/2/1998,Wednesday,0.023274093,0.015808597,-0.006831865,0,0,1,0,0
19/2/1998,Thursday,0.002959368,-0.001369185,0.00084245,0,0,0,1,0
20/2/1998,Friday,0.002593446,0.005780033,-0.011646925,0,0,0,0,1
23/2/1998,Monday,0.001702373,-0.01022686,0.022799852,1,0,0,0,0
24/2/1998,Tuesday,0.002493408,0.006837747,0.017313297,0,1,0,0,0
25/2/1998,Wednesday,0.010352137,0.013655116,0.02782058,0,0,1,0,0
26/2/1998,Thursday,0.01325075,-0.000182345,0.033606146,0,0,0,1,0
27/2/1998,Friday,0.00750229,0.016938886,0.009368051,0,0,0,0,1
2/3/1998,Monday,-0.006660725,-0.012086344,-0.004639449,1,0,0,0,0
3/3/1998,Tuesday,-0.017789353,-0.011677759,-0.010702618,0,1,0,0,0
4/3/1998,Wednesday,-0.014119589,-0.008424649,-0.014730765,0,0,1,0,0
5/3/1998,Thursday,-0.016008346,-0.005523706,-0.006643412,0,0,0,1,0
6/3/1998,Friday,0.001819378,0.002134321,-0.034185384,0,0,0,0,1
9/3/1998,Monday,-0.008354385,-0.012073577,-0.036998857,1,0,0,0,0
10/3/1998,Tuesday,0.008808713,0.009009016,0.014843414,0,1,0,0,0
11/3/1998,Wednesday,0.015208601,0.016459956,-0.008771361,0,0,1,0,0
12/3/1998,Thursday,0.012842695,0.018398029,0.002077033,0,0,0,1,0
13/3/1998,Friday,-0.002816999,0.006956923,0.011194991,0,0,0,0,1
16/3/1998,Monday,-0.003508512,-0.009071052,0.004590738,1,0,0,0,0
17/3/1998,Tuesday,0.013279506,0.010378782,0.037549783,0,1,0,0,0
18/3/1998,Wednesday,0.01019088,0.005929031,-0.002798726,0,0,1,0,0
19/3/1998,Thursday,0.037094704,0.025132825,0.034126582,0,0,0,1,0
20/3/1998,Friday,-0.01288393,-0.006368542,0.026365732,0,0,0,0,1
23/3/1998,Monday,-0.01276151,-0.007338328,0.019900532,1,0,0,0,0
24/3/1998,Tuesday,-0.002267477,0.001526661,-0.013060396,0,1,0,0,0
25/3/1998,Wednesday,0.00764125,-0.000833181,0.062608802,0,0,1,0,0
26/3/1998,Thursday,-0.007072245,-0.002500182,0.040687585,0,0,0,1,0
27/3/1998,Friday,0.007512193,0.009298241,0.026267151,0,0,0,0,1
30/3/1998,Monday,-0.009293067,-0.008771138,-0.019419061,1,0,0,0,0
31/3/1998,Tuesday,-0.016542665,-0.010332209,-0.019846622,0,1,0,0,0
1/4/1998,Wednesday,-0.016896299,-0.017586431,-0.034710226,0,0,1,0,0
2/4/1998,Thursday,-0.01084294,-0.014069221,-0.020490039,0,0,0,1,0
3/4/1998,Friday,-0.023107755,-0.030310418,-0.019004025,0,0,0,0,1
6/4/1998,Monday,-0.002043481,0.000717594,-0.037004146,1,0,0,0,0
7/4/1998,Tuesday,0,0,0,0,1,0,0,0
8/4/1998,Wednesday,0.007324381,0.005686993,0.025867686,0,0,1,0,0
9/4/1998,Thursday,0.01449671,0.009573102,0.048346985,0,0,0,1,0
10/4/1998,Friday,0,0,0,0,0,0,0,1
13/4/1998,Monday,-0.002699996,-0.007073942,-0.023219616,1,0,0,0,0
14/4/1998,Tuesday,-0.011528818,-0.007480892,-0.014406801,0,1,0,0,0
15/4/1998,Wednesday,-0.012619381,-0.007844606,-0.00941727,0,0,1,0,0
16/4/1998,Thursday,-0.019826042,-0.024567638,-0.016568239,0,0,0,1,0
17/4/1998,Friday,0.000196579,0.003648444,-0.006809576,0,0,0,0,1
20/4/1998,Monday,-0.002814028,0.00019367,-0.00281674,1,0,0,0,0
21/4/1998,Tuesday,-0.005703319,-0.004441602,-0.018307448,0,1,0,0,0
22/4/1998,Wednesday,-0.013646488,-0.015072202,-0.031592716,0,0,1,0,0
23/4/1998,Thursday,0.002037342,0.000738783,0.002539869,0,0,0,1,0
24/4/1998,Friday,-0.003452539,-0.001829476,-0.024437544,0,0,0,0,1
27/4/1998,Monday,-0.006055776,-0.007224589,-0.012847649,1,0,0,0,0
28/4/1998,Tuesday,0.006510347,0.000311427,0.011264064,0,1,0,0,0
29/4/1998,Wednesday,0.010287897,0.019045456,-0.002722154,0,0,1,0,0
30/4/1998,Thursday,-0.001512821,0.002129478,0.045296166,0,0,0,1,0
1/5/1998,Friday,0,0,0,0,0,0,0,1
4/5/1998,Monday,-0.012335194,-0.002463913,-0.084899329,1,0,0,0,0
5/5/1998,Tuesday,-0.006887421,-0.020925155,-0.029383237,0,1,0,0,0
6/5/1998,Wednesday,-0.017796781,-0.010900391,-0.018566583,0,0,1,0,0
7/5/1998,Thursday,-0.006882657,-0.001684998,0.002248363,0,0,0,1,0
8/5/1998,Friday,-0.00306047,-0.003589967,0.003099889,0,0,0,0,1
11/5/1998,Monday,0,0,0,1,0,0,0,0
12/5/1998,Tuesday,-0.009503661,-0.008597745,-0.019843384,0,1,0,0,0
13/5/1998,Wednesday,-0.035586528,-0.036870451,-0.020636847,0,0,1,0,0
14/5/1998,Thursday,-0.017372991,-0.013630585,0.006464785,0,0,0,1,0
15/5/1998,Friday,0.014875909,0.013824449,-0.024323812,0,0,0,0,1
18/5/1998,Monday,-0.027937583,-0.028443822,-0.038915256,1,0,0,0,0
19/5/1998,Tuesday,0.000642553,-0.003922329,-0.00877739,0,1,0,0,0
20/5/1998,Wednesday,0.000658814,-0.006643653,-0.002542638,0,0,1,0,0
21/5/1998,Thursday,0.024393261,0.018557378,0.03197404,0,0,0,1,0
22/5/1998,Friday,0.002267307,0.003252146,-0.017465287,0,0,0,0,1
25/5/1998,Monday,-0.005004669,-0.007363459,0.00331068,1,0,0,0,0
26/5/1998,Tuesday,-0.00229505,-0.00259903,-0.023685459,0,1,0,0,0
27/5/1998,Wednesday,-0.023688595,-0.027363004,-0.027378626,0,0,1,0,0
28/5/1998,Thursday,-0.016810808,-0.010267749,0.00405281,0,0,0,1,0
29/5/1998,Friday,-0.005901082,0.005521051,0.009002617,0,0,0,0,1
1/6/1998,Monday,-0.021312949,-0.033482069,-0.063894506,1,0,0,0,0
2/6/1998,Tuesday,-0.013628186,-0.010840077,-0.025163041,0,1,0,0,0
3/6/1998,Wednesday,0.020247232,0.020303575,-0.019174215,0,0,1,0,0
4/6/1998,Thursday,-0.024825608,-0.019939365,-0.029293249,0,0,0,1,0
5/6/1998,Friday,-0.018326368,-0.014572916,-0.01836151,0,0,0,0,1
8/6/1998,Monday,-0.032438068,-0.024888523,-0.058542465,1,0,0,0,0
9/6/1998,Tuesday,-0.004349814,-0.001384815,-0.004015274,0,1,0,0,0
10/6/1998,Wednesday,-0.020296865,-0.022957044,-0.028085411,0,0,1,0,0
11/6/1998,Thursday,0.008667505,0.006886395,-0.056925652,0,0,0,1,0
12/6/1998,Friday,-0.015599892,-0.010140359,-0.003253469,0,0,0,0,1
15/6/1998,Monday,-0.047239464,-0.037155593,-0.088661076,1,0,0,0,0
16/6/1998,Tuesday,-0.019098327,-0.006848425,-0.011664249,0,1,0,0,0
17/6/1998,Wednesday,0.048660675,0.04907908,0.073088396,0,0,1,0,0
18/6/1998,Thursday,0.038075825,0.037496233,0.030030142,0,0,0,1,0
19/6/1998,Friday,-0.007956718,-0.009687445,-0.023062931,0,0,0,0,1
22/6/1998,Monday,-0.032534722,-0.030183418,-0.065871827,1,0,0,0,0
23/6/1998,Tuesday,-0.011836691,-0.01589267,-0.000953939,0,1,0,0,0
24/6/1998,Wednesday,0.000728939,-0.011158301,-0.002758664,0,0,1,0,0
25/6/1998,Thursday,-0.00352981,-0.006175629,0.014073888,0,0,0,1,0
26/6/1998,Friday,0.022572354,0.017377367,0.007217393,0,0,0,0,1
29/6/1998,Monday,-0.002559389,0.006550548,0.010039481,1,0,0,0,0
30/6/1998,Tuesday,-0.009143563,-0.001366973,-0.006922349,0,1,0,0,0
1/7/1998,Wednesday,0.038898624,0.035017455,0.002916104,0,0,1,0,0
2/7/1998,Thursday,0.020106632,0.015775246,0.028345632,0,0,0,1,0
3/7/1998,Friday,-0.016795402,-0.021667246,-0.019488029,0,0,0,0,1
6/7/1998,Monday,-0.002149148,-0.004600034,0.014913739,1,0,0,0,0
7/7/1998,Tuesday,-0.008633477,-0.008481638,-0.021775164,0,1,0,0,0
8/7/1998,Wednesday,-0.005140806,-0.007182982,-0.032325926,0,0,1,0,0
9/7/1998,Thursday,0.000511413,-0.006344469,-0.025114311,0,0,0,1,0
10/7/1998,Friday,-0.012229481,-0.008394752,-0.008980699,0,0,0,0,1
13/7/1998,Monday,-0.021628494,-0.014625314,-0.04115708,1,0,0,0,0
14/7/1998,Tuesday,0.000139697,0.005263109,-0.01344259,0,1,0,0,0
15/7/1998,Wednesday,0.017182706,0.007105955,0.042620891,0,0,1,0,0
16/7/1998,Thursday,0.011070206,0.005568735,-0.000683239,0,0,0,1,0
17/7/1998,Friday,0.019441962,0.010979574,0.019121445,0,0,0,0,1
20/7/1998,Monday,0.009270066,0.009181756,0.002521272,1,0,0,0,0
21/7/1998,Tuesday,-0.018674883,-0.015240983,-0.005481852,0,1,0,0,0
22/7/1998,Wednesday,-0.019030282,-0.020766416,-0.017834514,0,0,1,0,0
23/7/1998,Thursday,-0.000117455,-0.002520551,-0.031368676,0,0,0,1,0
24/7/1998,Friday,0.008111025,0.009155202,0.036613198,0,0,0,0,1
27/7/1998,Monday,-0.00393031,-0.00104808,-0.007647861,1,0,0,0,0
28/7/1998,Tuesday,-0.004200291,-0.001641954,0.000379147,0,1,0,0,0
29/7/1998,Wednesday,-0.011637655,-0.009556218,0.019090049,0,0,1,0,0
30/7/1998,Thursday,-0.00508336,-0.007153948,-0.057023879,0,0,0,1,0
31/7/1998,Friday,0.010209981,0.006408578,0.046435045,0,0,0,0,1
3/8/1998,Monday,-0.007109234,-0.015319244,-0.023591648,1,0,0,0,0
4/8/1998,Tuesday,-0.000833871,0.002312521,0.022007933,0,1,0,0,0
5/8/1998,Wednesday,-0.015331492,-0.014670338,0.001020782,0,0,1,0,0
6/8/1998,Thursday,0.013661661,0.018143964,0.000955013,0,0,0,1,0
7/8/1998,Friday,-0.015276502,-0.016038375,-0.034031884,0,0,0,0,1
10/8/1998,Monday,0,0,0,1,0,0,0,0
11/8/1998,Tuesday,-0.029574156,-0.026392397,-0.085714206,0,1,0,0,0
12/8/1998,Wednesday,-0.006502849,-0.01085127,0.008051373,0,0,1,0,0
13/8/1998,Thursday,-0.035190434,-0.046519831,-0.044254354,0,0,0,1,0
14/8/1998,Friday,0.0008999,-0.002057619,0.00826363,0,0,0,0,1
17/8/1998,Monday,-0.033500279,-0.029454236,-0.013071689,1,0,0,0,0
18/8/1998,Tuesday,0.004015059,0.001387822,0.003721038,0,1,0,0,0
19/8/1998,Wednesday,0.010812716,0.007566057,0.064633033,0,0,1,0,0
20/8/1998,Thursday,0.002051622,0.002220471,-0.007136945,0,0,0,1,0
21/8/1998,Friday,0.000638893,-0.004347704,0.053843128,0,0,0,0,1
24/8/1998,Monday,-0.022742934,-0.029979552,-0.027409267,1,0,0,0,0
25/8/1998,Tuesday,0.001170894,-0.00897618,0.004181337,0,1,0,0,0
26/8/1998,Wednesday,0.019411378,0.015858438,0.001141443,0,0,1,0,0
27/8/1998,Thursday,0.003206243,0.002466691,-0.005914294,0,0,0,1,0
28/8/1998,Friday,-0.026529711,-0.039944721,-0.018658403,0,0,0,0,1
31/8/1998,Monday,-0.03314383,-0.029421767,-0.0104232,1,0,0,0,0
1/9/1998,Tuesday,-0.035017509,-0.041994484,-0.027372061,0,1,0,0,0
2/9/1998,Wednesday,0.00111193,-0.015009632,0.016107772,0,0,1,0,0
3/9/1998,Thursday,-0.018469941,-0.030019932,-0.080486245,0,0,0,1,0
4/9/1998,Friday,-0.009470072,-0.001506216,0.032182616,0,0,0,0,1
7/9/1998,Monday,0.068479308,0.057284371,0.151787485,1,0,0,0,0
8/9/1998,Tuesday,0.007603545,0.018165985,-0.004593893,0,1,0,0,0
9/9/1998,Wednesday,0.019132466,0.010407438,-0.005009759,0,0,1,0,0
10/9/1998,Thursday,-0.023377777,-0.029765461,-0.028159117,0,0,0,1,0
11/9/1998,Friday,-0.013747241,-0.013949382,0.063293705,0,0,0,0,1
14/9/1998,Monday,0.028470687,0.024336136,0.096058757,1,0,0,0,0
15/9/1998,Tuesday,0.02747194,0.03045765,0.055826229,0,1,0,0,0
16/9/1998,Wednesday,0.048110174,0.043363305,-0.002262968,0,0,1,0,0
17/9/1998,Thursday,-0.005645693,-0.007666893,-0.058898832,0,0,0,1,0
18/9/1998,Friday,-0.030938309,-0.034969173,-0.046782901,0,0,0,0,1
21/9/1998,Monday,-0.033590298,-0.028610386,-0.015929933,1,0,0,0,0
22/9/1998,Tuesday,0.015436725,0.013176789,0.030261131,0,1,0,0,0
23/9/1998,Wednesday,0.005196667,0.00199279,-0.004501072,0,0,1,0,0
24/9/1998,Thursday,0.033817196,0.035099172,0.025815408,0,0,0,1,0
25/9/1998,Friday,-0.008685867,-0.00341243,-0.086176285,0,0,0,0,1
28/9/1998,Monday,0.007128828,0.007484834,0.012532098,1,0,0,0,0
29/9/1998,Tuesday,0.008539195,0.003859289,0.014415349,0,1,0,0,0
30/9/1998,Wednesday,0.001213954,0.003117918,0.003364778,0,0,1,0,0
1/10/1998,Thursday,-0.025469267,-0.021265095,0.023993366,0,0,0,1,0
2/10/1998,Friday,-0.017654546,-0.021910245,-0.026253277,0,0,0,0,1
5/10/1998,Monday,-0.018084973,-0.013537578,-0.089359621,1,0,0,0,0
6/10/1998,Tuesday,0.008584324,0.007309183,0.026658976,0,1,0,0,0
7/10/1998,Wednesday,0.033195734,0.022897892,0.037224458,0,0,1,0,0
8/10/1998,Thursday,0.031393263,0.033546468,0.007658556,0,0,0,1,0
9/10/1998,Friday,0.026656348,0.035940183,0.0126534,0,0,0,0,1
12/10/1998,Monday,0.040090657,0.057018133,0.015254987,1,0,0,0,0
13/10/1998,Tuesday,-0.00094477,0.001877724,-0.02946575,0,1,0,0,0
14/10/1998,Wednesday,-0.029841029,-0.036627504,0.066590511,0,0,1,0,0
15/10/1998,Thursday,0.038770753,0.041964156,0.050500955,0,0,0,1,0
16/10/1998,Friday,0.088522798,0.09266397,0.050205049,0,0,0,0,1
19/10/1998,Monday,0,0,0,1,0,0,0,0
20/10/1998,Tuesday,-0.009738224,-0.011055347,0.009484806,0,1,0,0,0
21/10/1998,Wednesday,0.028592935,0.019746859,0.076177168,0,0,1,0,0
22/10/1998,Thursday,-0.020732142,-0.02685056,-0.036746412,0,0,0,1,0
23/10/1998,Friday,-0.003505017,-0.007431013,-0.023953303,0,0,0,0,1
26/10/1998,Monday,-8.08E-05,-0.004133374,0.011079467,1,0,0,0,0
27/10/1998,Tuesday,0.03537928,0.03724218,0.034437842,0,1,0,0,0
28/10/1998,Wednesday,0.022813374,0.029154495,0.017682928,0,0,1,0,0
29/10/1998,Thursday,0.004590286,-0.006560691,0.03891083,0,0,0,1,0
30/10/1998,Friday,0.015873017,0.010485985,0.079614765,0,0,0,0,1
2/11/1998,Monday,0.04743652,0.065487626,0.045459145,1,0,0,0,0
3/11/1998,Tuesday,0.00026122,-0.004310832,-0.052775943,0,1,0,0,0
4/11/1998,Wednesday,0.029309727,0.014219977,0.027495199,0,0,1,0,0
5/11/1998,Thursday,-0.001176665,-0.006894497,0.00767756,0,0,0,1,0
6/11/1998,Friday,-0.012201694,-0.013554051,-0.00724342,0,0,0,0,1
9/11/1998,Monday,-0.051532751,-0.054931559,-0.065372633,1,0,0,0,0
10/11/1998,Tuesday,-0.039497636,-0.046875925,-0.064412144,0,1,0,0,0
11/11/1998,Wednesday,0.053780685,0.052506094,0.070380568,0,0,1,0,0
12/11/1998,Thursday,-0.032566425,-0.018701384,-0.081845663,0,0,0,1,0
13/11/1998,Friday,0.00808623,0.001525313,-0.014919392,0,0,0,0,1
16/11/1998,Monday,0.028450248,0.034865428,0.011770126,1,0,0,0,0
17/11/1998,Tuesday,-0.004827456,0.00201419,-0.03157025,0,1,0,0,0
18/11/1998,Wednesday,0.028668423,0.02867616,0.025093255,0,0,1,0,0
19/11/1998,Thursday,0.034660091,0.036542065,0.033858115,0,0,0,1,0
20/11/1998,Friday,0.023533147,0.013029302,-0.005907554,0,0,0,0,1
23/11/1998,Monday,0.02131582,0.03423965,0.059782021,1,0,0,0,0
24/11/1998,Tuesday,0.025780684,0.011191627,0.012263653,0,1,0,0,0
25/11/1998,Wednesday,-0.015973743,-0.021512951,-0.013509208,0,0,1,0,0
26/11/1998,Thursday,0.000136631,0.004841437,-0.019921617,0,0,0,1,0
27/11/1998,Friday,0.00291514,-0.002864062,0.016747392,0,0,0,0,1
30/11/1998,Monday,0.01550198,0.013654381,-0.009549352,1,0,0,0,0
1/12/1998,Tuesday,-0.034362954,-0.030068015,-0.025789983,0,1,0,0,0
2/12/1998,Wednesday,0.010820186,0.012808597,-0.020023864,0,0,1,0,0
3/12/1998,Thursday,-0.029455526,-0.031010687,-0.011134789,0,0,0,1,0
4/12/1998,Friday,0.010146131,0.012543197,-0.011818808,0,0,0,0,1
7/12/1998,Monday,0.014404316,0.016825173,-0.0153136,1,0,0,0,0
8/12/1998,Tuesday,0.012121011,0.007762221,0.007149201,0,1,0,0,0
9/12/1998,Wednesday,0.02198655,0.02210847,-0.005774625,0,0,1,0,0
10/12/1998,Thursday,0.010675724,0.001346079,0.04159627,0,0,0,1,0
11/12/1998,Friday,-0.020069769,-0.021199813,-0.009575945,0,0,0,0,1
14/12/1998,Monday,-0.022768894,-0.02014093,-0.011321172,1,0,0,0,0
15/12/1998,Tuesday,-0.00815933,-0.003180019,-0.020426791,0,1,0,0,0
16/12/1998,Wednesday,-0.006739069,-0.001867031,-0.014405158,0,0,1,0,0
17/12/1998,Thursday,0.005203128,4.12E-05,-0.033075548,0,0,0,1,0
18/12/1998,Friday,0.0286945,0.02224775,0.007837124,0,0,0,0,1
21/12/1998,Monday,-0.005870851,0.001210335,-0.010082545,1,0,0,0,0
22/12/1998,Tuesday,0.010440893,0.005529983,-0.006530802,0,1,0,0,0
23/12/1998,Wednesday,-0.019929653,-0.023376945,-0.025749084,0,0,1,0,0
24/12/1998,Thursday,0.005919478,0.006407382,0.026504687,0,0,0,1,0
25/12/1998,Friday,0,0,0,0,0,0,0,1
28/12/1998,Monday,-0.008276844,-0.010269006,-0.00902664,1,0,0,0,0
29/12/1998,Tuesday,-0.002043686,0.001880582,-0.003037769,0,1,0,0,0
30/12/1998,Wednesday,0.011719659,0.006324225,0.02579506,0,0,1,0,0
31/12/1998,Thursday,-0.001413489,0.001508531,-0.006220749,0,0,0,1,0
1/1/1999,Friday,0,0,0,0,0,0,0,1
4/1/1999,Monday,0.005284955,-0.010434334,0.027848601,1,0,0,0,0
5/1/1999,Tuesday,-0.009955759,-0.010749757,0.015439414,0,1,0,0,0
6/1/1999,Wednesday,0.055239718,0.063600948,0.046622949,0,0,1,0,0
7/1/1999,Thursday,0.03547986,0.055166291,0.000876629,0,0,0,1,0
8/1/1999,Friday,0.017825784,0.037857896,0.028780483,0,0,0,0,1
11/1/1999,Monday,-0.001359989,-0.008548116,0.014835553,1,0,0,0,0
12/1/1999,Tuesday,-0.003960967,-0.008125877,0.059275922,0,1,0,0,0
13/1/1999,Wednesday,-0.020322483,-0.022461881,-0.009584987,0,0,1,0,0
14/1/1999,Thursday,-0.01989705,-0.01744043,0.021005454,0,0,0,1,0
15/1/1999,Friday,0.015738515,0.007120174,0.017160317,0,0,0,0,1
18/1/1999,Monday,0.031043777,0.026091879,0.001318916,1,0,0,0,0
19/1/1999,Tuesday,0,0,0,0,1,0,0,0
20/1/1999,Wednesday,0.000755968,-0.004116887,0.006200433,0,0,1,0,0
21/1/1999,Thursday,-0.02897006,-0.022516073,-0.039732375,0,0,0,1,0
22/1/1999,Friday,-0.016970982,-0.01454767,0.015056878,0,0,0,0,1
25/1/1999,Monday,-0.056140186,-0.050766136,-0.092131833,1,0,0,0,0
26/1/1999,Tuesday,0.013583806,0.010667686,0.026271023,0,1,0,0,0
27/1/1999,Wednesday,0.028040716,0.021271035,0.010984654,0,0,1,0,0
28/1/1999,Thursday,-0.021794125,-0.023341528,-0.006493652,0,0,0,1,0
29/1/1999,Friday,0.001485551,0.000492499,-0.004706099,0,0,0,0,1
1/2/1999,Monday,-0.01500552,-0.01639428,-0.021526133,1,0,0,0,0
2/2/1999,Tuesday,-0.014519883,-0.011903798,-0.014992608,0,1,0,0,0
3/2/1999,Wednesday,-0.014382571,-0.0010629,-0.016017972,0,0,1,0,0
4/2/1999,Thursday,0.008821155,0.008649009,0.009171466,0,0,0,1,0
5/2/1999,Friday,-0.013669036,-0.002536448,-0.004790648,0,0,0,0,1
8/2/1999,Monday,-0.017278503,-0.014160267,-0.021704705,1,0,0,0,0
9/2/1999,Tuesday,-0.023086242,-0.014033712,-0.013414675,0,1,0,0,0
10/2/1999,Wednesday,-0.015280309,-0.013968011,0.007844143,0,0,1,0,0
11/2/1999,Thursday,0.05342966,0.040351854,0.021588811,0,0,0,1,0
12/2/1999,Friday,-0.001710902,0.002769604,0.020193219,0,0,0,0,1
15/2/1999,Monday,0.004639184,-0.001636191,-0.013712534,1,0,0,0,0
16/2/1999,Tuesday,0,0,0,0,1,0,0,0
17/2/1999,Wednesday,0,0,0,0,0,1,0,0
18/2/1999,Thursday,-0.019391148,-0.01335234,-0.020315959,0,0,0,1,0
19/2/1999,Friday,0.029013005,0.024050481,0.030073991,0,0,0,0,1
22/2/1999,Monday,0.018649013,0.020760094,-0.02210481,1,0,0,0,0
23/2/1999,Tuesday,0.000178533,-0.00099712,-0.023067083,0,1,0,0,0
24/2/1999,Wednesday,0.007505166,0.002716553,0.00233958,0,0,1,0,0
25/2/1999,Thursday,-0.000538778,-0.001617575,0.011637859,0,0,0,1,0
26/2/1999,Friday,0.001197677,-0.000591289,0.006270106,0,0,0,0,1
1/3/1999,Monday,0.007718505,0.004986747,-0.007548066,1,0,0,0,0
2/3/1999,Tuesday,-0.002984383,-0.003119825,0.001845426,0,1,0,0,0
3/3/1999,Wednesday,-0.001975713,0.003880351,-0.017853968,0,0,1,0,0
4/3/1999,Thursday,0.012354415,0.01743176,0.020876695,0,0,0,1,0
5/3/1999,Friday,0.011272825,0.018446752,0.012528557,0,0,0,0,1
8/3/1999,Monday,0.001502671,0.001166733,-0.013744366,1,0,0,0,0
9/3/1999,Tuesday,-0.007827558,-0.004360525,0.003327012,0,1,0,0,0
10/3/1999,Wednesday,0.019938462,0.018266844,0.010973842,0,0,1,0,0
11/3/1999,Thursday,0.001495958,0.003966143,0.017265253,0,0,0,1,0
12/3/1999,Friday,0.009474385,0.009803117,-0.012504071,0,0,0,0,1
15/3/1999,Monday,0.005671289,0.00748007,-0.004050565,1,0,0,0,0
16/3/1999,Tuesday,-0.003116907,-0.00357146,-0.00634974,0,1,0,0,0
17/3/1999,Wednesday,-0.013096109,-0.006206154,-0.008296212,0,0,1,0,0
18/3/1999,Thursday,-0.002785887,0.003057213,0,0,0,0,1,0
19/3/1999,Friday,0.004708997,0.011549277,-0.030020254,0,0,0,0,1
22/3/1999,Monday,0.016622896,0.036751303,0.005806292,1,0,0,0,0
23/3/1999,Tuesday,-0.003216802,-0.005495348,0.030437876,0,1,0,0,0
24/3/1999,Wednesday,-0.007065029,-0.005242706,-0.018439494,0,0,1,0,0
25/3/1999,Thursday,0.012076332,0.006822791,0.042200358,0,0,0,1,0
26/3/1999,Friday,-0.001914693,-0.006591138,-0.028215392,0,0,0,0,1
29/3/1999,Monday,0,0,0,1,0,0,0,0
30/3/1999,Tuesday,0.013649327,0.024280122,-0.006566246,0,1,0,0,0
31/3/1999,Wednesday,0.000151496,0.001629701,-0.003665136,0,0,1,0,0
1/4/1999,Thursday,0.017549006,0.023222667,0.027729693,0,0,0,1,0
2/4/1999,Friday,0,0,0,0,0,0,0,1
5/4/1999,Monday,0.023290113,0.019725371,0.021770785,1,0,0,0,0
6/4/1999,Tuesday,0.015403018,0.011470766,0.013636574,0,1,0,0,0
7/4/1999,Wednesday,0.010017213,0.003354337,0.013818005,0,0,1,0,0
8/4/1999,Thursday,0.011820244,0.008193521,0.0262755,0,0,0,1,0
9/4/1999,Friday,0.0143038,0.009403499,-0.001121489,0,0,0,0,1
12/4/1999,Monday,-0.002392878,-0.001924523,0.002542684,1,0,0,0,0
13/4/1999,Tuesday,0.011193499,0.010514882,0.018269956,0,1,0,0,0
14/4/1999,Wednesday,0.013450957,0.011857297,0.049188263,0,0,1,0,0
15/4/1999,Thursday,0.001994802,0.003338718,-0.020558703,0,0,0,1,0
16/4/1999,Friday,0.0367067,0.039907223,0.049439572,0,0,0,0,1
19/4/1999,Monday,0.040085871,0.039962862,0.004623934,1,0,0,0,0
20/4/1999,Tuesday,-0.017980708,-0.011574712,0.058166508,0,1,0,0,0
21/4/1999,Wednesday,0.017991564,0.019708759,0.093790434,0,0,1,0,0
22/4/1999,Thursday,0.010829534,0.015345083,-0.027144573,0,0,0,1,0
23/4/1999,Friday,0.001550567,0.004971142,-0.007271423,0,0,0,0,1
26/4/1999,Monday,0.002324026,0.000645342,-0.00775622,1,0,0,0,0
27/4/1999,Tuesday,0.003614516,0.001429892,0.024680965,0,1,0,0,0
28/4/1999,Wednesday,-0.021128817,-0.020448246,-0.034042043,0,0,1,0,0
29/4/1999,Thursday,-0.010214415,-0.010764753,-0.037945715,0,0,0,1,0
30/4/1999,Friday,0.036552435,0.037646994,0.027156137,0,0,0,0,1
3/5/1999,Monday,0.00636822,0.000556764,0.04789259,1,0,0,0,0
4/5/1999,Tuesday,0.017576834,0.017344464,-0.012192225,0,1,0,0,0
5/5/1999,Wednesday,0.01707987,0.020124146,0.013514281,0,0,1,0,0
6/5/1999,Thursday,0.004802259,0.029248614,0.01085545,0,0,0,1,0
7/5/1999,Friday,-0.038821733,-0.042341631,0.007065515,0,0,0,0,1
10/5/1999,Monday,-0.019709131,-0.01527572,-0.026815014,1,0,0,0,0
11/5/1999,Tuesday,0.014128821,0.013156487,0.016776297,0,1,0,0,0
12/5/1999,Wednesday,7.41E-05,-0.001711965,0.064852805,0,0,1,0,0
13/5/1999,Thursday,-0.010745609,-0.016715468,-0.037632464,0,0,0,1,0
14/5/1999,Friday,0.007702371,0.007260651,0.029566855,0,0,0,0,1
17/5/1999,Monday,-0.001503828,0.007008325,-0.004196689,1,0,0,0,0
18/5/1999,Tuesday,0.019678014,0.046710268,0.010441582,0,1,0,0,0
19/5/1999,Wednesday,-0.00330085,-0.006646214,-0.008098525,0,0,1,0,0
20/5/1999,Thursday,0.00801903,0.00400786,0.02116513,0,0,0,1,0
21/5/1999,Friday,0.013612946,0.01504704,0.010727212,0,0,0,0,1
24/5/1999,Monday,-0.010550521,-0.001175678,0.056860218,1,0,0,0,0
25/5/1999,Tuesday,-0.019112572,-0.020927452,0.000555418,0,1,0,0,0
26/5/1999,Wednesday,-0.001308728,-0.007578344,0.043911091,0,0,1,0,0
27/5/1999,Thursday,0.011571201,0.008637863,0.038205337,0,0,0,1,0
28/5/1999,Friday,-0.006330776,-0.010318903,0.02570877,0,0,0,0,1
31/5/1999,Monday,9.45E-05,0.002686185,0.05964237,1,0,0,0,0
1/6/1999,Tuesday,0.002633278,-0.000758887,-0.021304127,0,1,0,0,0
2/6/1999,Wednesday,0.007936446,0.006504152,0.017952089,0,0,1,0,0
3/6/1999,Thursday,0.009316733,0.01007952,-0.017477042,0,0,0,1,0
4/6/1999,Friday,-0.007094775,-0.007654762,-0.009792088,0,0,0,0,1
7/6/1999,Monday,0.013924804,0.003968175,0.010353016,1,0,0,0,0
8/6/1999,Tuesday,0.020765704,0.029937099,0.012091655,0,1,0,0,0
9/6/1999,Wednesday,0.005046251,0.002000904,0.065085253,0,0,1,0,0
10/6/1999,Thursday,0.011623947,0.009989011,-0.03812694,0,0,0,1,0
11/6/1999,Friday,0.018144729,0.029091532,0.041972157,0,0,0,0,1
14/6/1999,Monday,-0.004261256,-0.006751284,0.065993557,1,0,0,0,0
15/6/1999,Tuesday,-0.005627011,-0.002007121,-0.022892765,0,1,0,0,0
16/6/1999,Wednesday,-0.001481435,0.005518823,0.045133143,0,0,1,0,0
17/6/1999,Thursday,0.006603066,0.00425246,0.05069513,0,0,0,1,0
18/6/1999,Friday,0.006439023,-0.000386886,0.036442376,0,0,0,0,1
21/6/1999,Monday,0.023742409,0.025101831,0.080976376,1,0,0,0,0
22/6/1999,Tuesday,0.001343196,-0.001403174,-0.020497243,0,1,0,0,0
23/6/1999,Wednesday,0.020622075,0.018824628,-6.61009E-05,0,0,1,0,0
24/6/1999,Thursday,0.011130598,0.024491969,0.020713083,0,0,0,1,0
25/6/1999,Friday,-0.005990357,-0.019236273,0.015610509,0,0,0,0,1
28/6/1999,Monday,-0.006899597,-0.011448604,0.043216536,1,0,0,0,0
29/6/1999,Tuesday,0.008018935,0.017068478,0.035230255,0,1,0,0,0
30/6/1999,Wednesday,-0.006153469,-0.001976914,-0.018033269,0,0,1,0,0
1/7/1999,Thursday,0.021472833,0.022053064,0.032256265,0,0,0,1,0
2/7/1999,Friday,0.003470661,0.000618246,0.030349627,0,0,0,0,1
5/7/1999,Monday,-0.004966304,-0.008201176,-0.083105937,1,0,0,0,0
6/7/1999,Tuesday,-0.016380767,-0.010533057,-0.122794705,0,1,0,0,0
7/7/1999,Wednesday,-0.014342706,-0.019361444,-0.068599094,0,0,1,0,0
8/7/1999,Thursday,0.007122991,0.008778103,0.066541725,0,0,0,1,0
9/7/1999,Friday,0.010028899,0.01353807,0.036592516,0,0,0,0,1
12/7/1999,Monday,0.007830357,0.011030275,-0.112437231,1,0,0,0,0
13/7/1999,Tuesday,-0.009270685,0.001598343,-0.025248746,0,1,0,0,0
14/7/1999,Wednesday,6.43E-05,0.003729146,-3.5532E-05,0,0,1,0,0
15/7/1999,Thursday,-0.00964413,-0.010995513,-0.086258516,0,0,0,1,0
16/7/1999,Friday,-0.010950868,-0.01819046,-0.03925988,0,0,0,0,1
19/7/1999,Monday,-0.006053276,-0.003829057,0.01445529,1,0,0,0,0
20/7/1999,Tuesday,0.007780752,0.001503135,0.090539205,0,1,0,0,0
21/7/1999,Wednesday,-0.019158841,-0.0179695,-0.064117608,0,0,1,0,0
22/7/1999,Thursday,-0.014141111,-0.008948446,-0.01789117,0,0,0,1,0
23/7/1999,Friday,-0.038318751,-0.035083793,-0.009442594,0,0,0,0,1
26/7/1999,Monday,-0.025537504,-0.024130681,-0.043219301,1,0,0,0,0
27/7/1999,Tuesday,0.030184629,0.024361851,0.054721874,0,1,0,0,0
28/7/1999,Wednesday,0.038380309,0.028948946,0.003532308,0,0,1,0,0
29/7/1999,Thursday,0.032694332,0.029796541,0.014129434,0,0,0,1,0
30/7/1999,Friday,-0.000433317,0.000619225,0.018096852,0,0,0,0,1
2/8/1999,Monday,-0.008010486,-0.007022786,-0.017736227,1,0,0,0,0
3/8/1999,Tuesday,0.006891381,0.00782292,0.0005675,0,1,0,0,0
4/8/1999,Wednesday,0.000293886,0.001560221,-0.022726644,0,0,1,0,0
5/8/1999,Thursday,-0.029281835,-0.023086598,-0.035084018,0,0,0,1,0
6/8/1999,Friday,-0.006219684,-0.001611087,0.017772417,0,0,0,0,1
9/8/1999,Monday,0,0,0,1,0,0,0,0
10/8/1999,Tuesday,-0.022807689,-0.020783308,-0.056613734,0,1,0,0,0
11/8/1999,Wednesday,-0.017471374,-0.028089811,0.002170549,0,0,1,0,0
12/8/1999,Thursday,0.012639094,0.006896813,-0.002880621,0,0,0,1,0
13/8/1999,Friday,-0.021660663,-0.019283551,-0.032271984,0,0,0,0,1
16/8/1999,Monday,0.014570839,0.014346665,-0.001128338,1,0,0,0,0
17/8/1999,Tuesday,-0.007568888,-0.01264814,-0.019356104,0,1,0,0,0
18/8/1999,Wednesday,0.032420258,0.030253894,0.090774554,0,0,1,0,0
19/8/1999,Thursday,0.010264967,0.003509197,-0.001344431,0,0,0,1,0
20/8/1999,Friday,0.008370585,0.00348306,0.061637651,0,0,0,0,1
23/8/1999,Monday,0.017358125,0.022253978,0.070572913,1,0,0,0,0
24/8/1999,Tuesday,-0.001861456,-0.002770616,-0.03795856,0,1,0,0,0
25/8/1999,Wednesday,0.007677924,0.009569181,0.000796093,0,0,1,0,0
26/8/1999,Thursday,0.012180011,0.022036841,-0.021109273,0,0,0,1,0
27/8/1999,Friday,-0.003664442,-0.010897638,0.003938482,0,0,0,0,1
30/8/1999,Monday,-0.001509518,0.000739185,-0.002245669,1,0,0,0,0
31/8/1999,Tuesday,-0.016029205,-0.014758578,-0.050009522,0,1,0,0,0
1/9/1999,Wednesday,0.002438962,0.003713541,0.006074962,0,0,1,0,0
2/9/1999,Thursday,-0.001947861,0.003024262,-0.021098128,0,0,0,1,0
3/9/1999,Friday,-0.011886952,-0.012259643,-0.02085577,0,0,0,0,1
6/9/1999,Monday,0.003148137,-0.000434055,-0.009574989,1,0,0,0,0
7/9/1999,Tuesday,0.002682395,-0.000298816,-0.000788913,0,1,0,0,0
8/9/1999,Wednesday,-0.00381649,-0.000835492,-0.007243532,0,0,1,0,0
9/9/1999,Thursday,0.014211496,0.018629685,0.016535236,0,0,0,1,0
10/9/1999,Friday,0.002652279,-0.001308583,-0.008281273,0,0,0,0,1
13/9/1999,Monday,0.002883695,-0.000549356,-0.009579239,1,0,0,0,0
14/9/1999,Tuesday,0.00152742,-0.000502493,-0.003674984,0,1,0,0,0
15/9/1999,Wednesday,-0.010283735,-0.008082474,0.003976695,0,0,1,0,0
16/9/1999,Thursday,-0.015894928,-0.012623835,0.015062113,0,0,0,1,0
17/9/1999,Friday,0.021237656,0.022430242,0.046837913,0,0,0,0,1
20/9/1999,Monday,-0.004235153,-0.006685608,-0.029512229,1,0,0,0,0
21/9/1999,Tuesday,-0.006564342,-0.005414754,-0.024310844,0,1,0,0,0
22/9/1999,Wednesday,-0.019815335,-0.023176309,-0.005517469,0,0,1,0,0
23/9/1999,Thursday,0.000357828,-0.001541614,0.005424127,0,0,0,1,0
24/9/1999,Friday,-0.024168069,-0.018659849,-0.015674539,0,0,0,0,1
27/9/1999,Monday,-0.014281717,-0.015186204,-0.041104751,1,0,0,0,0
28/9/1999,Tuesday,0.016967544,0.004876909,0.020155428,0,1,0,0,0
29/9/1999,Wednesday,-0.003399302,0.00295677,-0.025158489,0,0,1,0,0
30/9/1999,Thursday,0.002158684,0.005082025,-0.00657486,0,0,0,1,0
1/10/1999,Friday,0.014401738,0.020431424,0.025815169,0,0,0,0,1
4/10/1999,Monday,-0.006549094,-0.00439274,-0.038283103,1,0,0,0,0
5/10/1999,Tuesday,0.013089479,0.016082397,0.036677099,0,1,0,0,0
6/10/1999,Wednesday,0.017280759,0.01738532,-0.000214462,0,0,1,0,0
7/10/1999,Thursday,0.009126555,0.002834742,0.023566607,0,0,0,1,0
8/10/1999,Friday,-0.002588289,0.008184955,-0.002530784,0,0,0,0,1
11/10/1999,Monday,0.003653774,0.00659317,-0.014460453,1,0,0,0,0
12/10/1999,Tuesday,-0.001867705,-0.001559558,-0.026303069,0,1,0,0,0
13/10/1999,Wednesday,-0.010716863,-0.00610003,-0.003304411,0,0,1,0,0
14/10/1999,Thursday,0.00800816,0.009263605,0.011925289,0,0,0,1,0
15/10/1999,Friday,-0.02457842,-0.025716724,-0.018359106,0,0,0,0,1
18/10/1999,Monday,-0.033445789,-0.037063959,-0.039821214,1,0,0,0,0
19/10/1999,Tuesday,-0.005150062,0.00212413,0.006987716,0,1,0,0,0
20/10/1999,Wednesday,0.021089965,0.017381632,0.005139213,0,0,1,0,0
21/10/1999,Thursday,-0.003947588,-0.004812583,0.001025207,0,0,0,1,0
22/10/1999,Friday,-5.95E-05,0.006433971,0.00660389,0,0,0,0,1
25/10/1999,Monday,0.002465506,-0.004823018,-0.011984366,1,0,0,0,0
26/10/1999,Tuesday,-0.004375746,0.001177852,-0.007709297,0,1,0,0,0
27/10/1999,Wednesday,-0.012267456,-0.006762773,-0.013131953,0,0,1,0,0
28/10/1999,Thursday,0.007148917,0.006506919,-0.008164314,0,0,0,1,0
29/10/1999,Friday,0.02167772,0.015870103,0.019962278,0,0,0,0,1
1/11/1999,Monday,0.012567547,0.000473707,0.039271954,1,0,0,0,0
2/11/1999,Tuesday,-0.007660572,-0.005414677,-0.010642931,0,1,0,0,0
3/11/1999,Wednesday,0.014846324,0.013795589,0.058753323,0,0,1,0,0
4/11/1999,Thursday,0.01045763,0.006789511,-0.007439717,0,0,0,1,0
5/11/1999,Friday,0.000762764,0.008165732,-0.008155209,0,0,0,0,1
8/11/1999,Monday,0,0,0,1,0,0,0,0
9/11/1999,Tuesday,0.003087743,0.00234037,0.048092277,0,1,0,0,0
10/11/1999,Wednesday,0.009762959,0.008847234,0.054391328,0,0,1,0,0
11/11/1999,Thursday,0.006900387,0.006497658,-0.012005227,0,0,0,1,0
12/11/1999,Friday,0.014817681,0.006178178,0.001139604,0,0,0,0,1
15/11/1999,Monday,0.018174777,0.014503618,0.02806001,1,0,0,0,0
16/11/1999,Tuesday,0.005800987,0.00175606,0.002174982,0,1,0,0,0
17/11/1999,Wednesday,-0.004476564,-0.001869837,-0.002974057,0,0,1,0,0
18/11/1999,Thursday,-0.01137063,-0.008691487,-0.014416013,0,0,0,1,0
19/11/1999,Friday,0.009614829,0.010845364,-0.00366231,0,0,0,0,1
22/11/1999,Monday,-0.004554277,-0.001893404,-0.057489203,1,0,0,0,0
23/11/1999,Tuesday,-0.001753356,-0.009069742,-0.002025096,0,1,0,0,0
24/11/1999,Wednesday,-0.009196553,-0.013047153,-0.013621331,0,0,1,0,0
25/11/1999,Thursday,0.005058576,0.008745088,-0.016570446,0,0,0,1,0
26/11/1999,Friday,0.015319218,0.012746628,0.009885919,0,0,0,0,1
29/11/1999,Monday,-0.006006859,-0.00667082,-0.024340197,1,0,0,0,0
30/11/1999,Tuesday,0.006592603,0.007730534,0.012545252,0,1,0,0,0
1/12/1999,Wednesday,-0.012821381,-0.009443287,-0.025013785,0,0,1,0,0
2/12/1999,Thursday,0.008417676,0.008011317,-0.016276348,0,0,0,1,0
3/12/1999,Friday,0.000228951,-0.003899166,0.001585957,0,0,0,0,1
6/12/1999,Monday,0.007169644,0.008105366,0.012805469,1,0,0,0,0
7/12/1999,Tuesday,0.024663916,0.02138822,0.015829194,0,1,0,0,0
8/12/1999,Wednesday,0.022128526,0.022069452,0.000168936,0,0,1,0,0
9/12/1999,Thursday,0.008798729,0.005890318,0.009871626,0,0,0,1,0
10/12/1999,Friday,0.009787076,-0.002965459,0.013887491,0,0,0,0,1
13/12/1999,Monday,-0.0038145,0.003299147,-0.011501356,1,0,0,0,0
14/12/1999,Tuesday,-0.007178981,0.000509551,-0.022978618,0,1,0,0,0
15/12/1999,Wednesday,-0.01695414,-0.008635208,-0.025231258,0,0,1,0,0
16/12/1999,Thursday,-0.006274419,-0.013866002,-0.001268759,0,0,0,1,0
17/12/1999,Friday,0.024586716,0.021275559,0.032977537,0,0,0,0,1
20/12/1999,Monday,-0.001185122,-0.002705284,-0.009257147,1,0,0,0,0
21/12/1999,Tuesday,-0.002992243,0.003857538,-0.013530069,0,1,0,0,0
22/12/1999,Wednesday,0.008882879,0.007127981,-0.000819326,0,0,1,0,0
23/12/1999,Thursday,0.016843826,0.001766473,0.00197696,0,0,0,1,0
24/12/1999,Friday,0.009206096,0.011395466,0.014146278,0,0,0,0,1
27/12/1999,Monday,0.005645023,-0.002762772,0.057271251,1,0,0,0,0
28/12/1999,Tuesday,-0.005481543,-0.004567856,-0.012879865,0,1,0,0,0
29/12/1999,Wednesday,0.010456102,0.006746013,0.013003515,0,0,1,0,0
30/12/1999,Thursday,0.002782564,0.002397776,0.005623257,0,0,0,1,0
31/12/1999,Friday,0,0,0,0,0,0,0,1
3/1/2000,Monday,0.040839094,0.019871884,0.026275834,1,0,0,0,0
4/1/2000,Tuesday,-0.020649696,-0.014928056,-0.006528703,0,1,0,0,0
5/1/2000,Wednesday,-0.056554354,-0.04397022,-0.057178639,0,0,1,0,0
6/1/2000,Thursday,-0.013397418,-0.013014506,-0.026285534,0,0,0,1,0
7/1/2000,Friday,0.019655425,0.02578835,0.024761322,0,0,0,0,1
10/1/2000,Monday,0.011422273,0.000552237,-0.014749773,1,0,0,0,0
11/1/2000,Tuesday,-0.009902257,-0.011179017,-0.014177443,0,1,0,0,0
12/1/2000,Wednesday,0.007384379,0.008543715,0.008641666,0,0,1,0,0
13/1/2000,Thursday,-0.013787372,-0.01447242,-0.019214533,0,0,0,1,0
14/1/2000,Friday,-0.000747882,0.00183349,0.006531843,0,0,0,0,1
17/1/2000,Monday,-0.021329039,-0.021071199,-0.019780661,1,0,0,0,0
18/1/2000,Tuesday,-0.009554302,-0.006038303,-0.002496076,0,1,0,0,0
19/1/2000,Wednesday,-0.028375721,-0.022975816,-0.026529392,0,0,1,0,0
20/1/2000,Thursday,0.026546281,0.019607027,0.013855212,0,0,0,1,0
21/1/2000,Friday,-0.016130049,-0.018546993,0.002773174,0,0,0,0,1
24/1/2000,Monday,-0.006092748,-0.013465736,-0.017684206,1,0,0,0,0
25/1/2000,Tuesday,-0.011462398,-0.010472798,-0.002748363,0,1,0,0,0
26/1/2000,Wednesday,0.009190142,0.006064266,-0.000129912,0,0,1,0,0
27/1/2000,Thursday,0.020249442,0.015397948,0.023366553,0,0,0,1,0
28/1/2000,Friday,-0.009066356,-0.010544858,-0.005974206,0,0,0,0,1
31/1/2000,Monday,-0.024199498,-0.016861381,-0.022152114,1,0,0,0,0
1/2/2000,Tuesday,4.93E-05,-0.006030062,-0.006881256,0,1,0,0,0
2/2/2000,Wednesday,0.018219923,0.018051812,0.008096447,0,0,1,0,0
3/2/2000,Thursday,-0.009763987,-0.018050612,-0.002092942,0,0,0,1,0
4/2/2000,Friday,0.004250002,0.000462267,0.004729727,0,0,0,0,1
7/2/2000,Monday,0,0,0,1,0,0,0,0
8/2/2000,Tuesday,-0.005820591,-0.018436044,0.007743309,0,1,0,0,0
9/2/2000,Wednesday,-0.008262736,-0.009399701,0.008289086,0,0,1,0,0
10/2/2000,Thursday,-0.000907331,-0.014727394,-0.010008929,0,0,0,1,0
11/2/2000,Friday,0.004313695,-0.012939559,-0.001826497,0,0,0,0,1
14/2/2000,Monday,0.000554676,-0.004416994,0.000683951,1,0,0,0,0
15/2/2000,Tuesday,-0.0165937,-0.010374785,0.002456151,0,1,0,0,0
16/2/2000,Wednesday,0.00587533,-0.000462128,-0.004348565,0,0,1,0,0
17/2/2000,Thursday,0.007982268,0.004363318,0.031591816,0,0,0,1,0
18/2/2000,Friday,-0.023910873,-0.023258189,-0.003266348,0,0,0,0,1
21/2/2000,Monday,-0.028656511,-0.021621395,-0.017822571,1,0,0,0,0
22/2/2000,Tuesday,-0.004371856,0.001839157,0.006891886,0,1,0,0,0
23/2/2000,Wednesday,0.014645717,0.016939492,-0.009740159,0,0,1,0,0
24/2/2000,Thursday,-0.006584761,-0.003846614,-0.019749116,0,0,0,1,0
25/2/2000,Friday,0.007847003,0.011890809,-0.000701264,0,0,0,0,1
28/2/2000,Monday,-0.010213634,-0.007300894,-0.042923657,1,0,0,0,0
29/2/2000,Tuesday,0.000872817,0.004652607,-0.003651668,0,1,0,0,0
1/3/2000,Wednesday,-0.003046371,0.002297892,0.007354132,0,0,1,0,0
2/3/2000,Thursday,-0.001837026,-0.008924942,0.002047134,0,0,0,1,0
3/3/2000,Friday,0.00324565,4.68E-05,-0.028621969,0,0,0,0,1
6/3/2000,Monday,0.001387775,-0.001687046,-0.009758033,1,0,0,0,0
7/3/2000,Tuesday,-0.013611274,0.00976595,-0.045150398,0,1,0,0,0
8/3/2000,Wednesday,-0.008996456,-0.006042055,-0.011431683,0,0,1,0,0
9/3/2000,Thursday,0.004674042,0.000819843,-0.003300314,0,0,0,1,0
10/3/2000,Friday,0.006677014,0.005826884,0.00297572,0,0,0,0,1
13/3/2000,Monday,-0.025892384,-0.011441571,-0.036257412,1,0,0,0,0
14/3/2000,Tuesday,0.005278165,0.007950944,-0.006445653,0,1,0,0,0
15/3/2000,Wednesday,-0.015389524,-0.008047539,-0.041581995,0,0,1,0,0
16/3/2000,Thursday,0,0,0,0,0,0,1,0
17/3/2000,Friday,0.035159017,0.045559788,0.000328033,0,0,0,0,1
20/3/2000,Monday,-0.008327848,-0.015551134,-0.026457626,1,0,0,0,0
21/3/2000,Tuesday,0.019754482,0.014049273,0.050515524,0,1,0,0,0
22/3/2000,Wednesday,0.007102269,0.006358019,-0.012456152,0,0,1,0,0
23/3/2000,Thursday,-0.003187429,-0.009045965,0.035429523,0,0,0,1,0
24/3/2000,Friday,0.009056825,-0.008411065,-0.003863734,0,0,0,0,1
27/3/2000,Monday,0.032487668,0.019081118,0.004338001,1,0,0,0,0
28/3/2000,Tuesday,-0.004266962,-0.003140642,0.002335163,0,1,0,0,0
29/3/2000,Wednesday,-0.011925165,-0.006548055,0.000513237,0,0,1,0,0
30/3/2000,Thursday,-0.030084139,-0.009774362,-0.030632445,0,0,0,1,0
31/3/2000,Friday,0.007426965,0.002574647,0.001906003,0,0,0,0,1
3/4/2000,Monday,-0.028977331,-0.019479099,-0.028831765,1,0,0,0,0
4/4/2000,Tuesday,-0.006362879,0.009473126,0.006700607,0,1,0,0,0
5/4/2000,Wednesday,-0.001575171,0.009189894,-0.028037601,0,0,1,0,0
6/4/2000,Thursday,0.026981509,0.020830515,0.005154539,0,0,0,1,0
7/4/2000,Friday,0.018301692,0.007187105,0.004386151,0,0,0,0,1
10/4/2000,Monday,-0.011025398,-0.005402445,-0.011826429,1,0,0,0,0
11/4/2000,Tuesday,0.002090032,0.009598565,0.00805827,0,1,0,0,0
12/4/2000,Wednesday,0.001879643,0.005160738,0.004018025,0,0,1,0,0
13/4/2000,Thursday,0.013262849,0.023962423,-0.0170933,0,0,0,1,0
14/4/2000,Friday,0.0118798,0.017602669,0.006481731,0,0,0,0,1
17/4/2000,Monday,-0.090949815,-0.067941697,-0.062961682,1,0,0,0,0
18/4/2000,Tuesday,0.003883636,0.010659562,0.012660894,0,1,0,0,0
19/4/2000,Wednesday,0.025450947,0.019951301,0.00026546,0,0,1,0,0
20/4/2000,Thursday,0.010320976,0.01191291,-0.013427861,0,0,0,1,0
21/4/2000,Friday,0,0,0,0,0,0,0,1
24/4/2000,Monday,-0.014765223,-0.00851614,-0.025406655,1,0,0,0,0
25/4/2000,Tuesday,0.008346458,0.006737398,0.006272767,0,1,0,0,0
26/4/2000,Wednesday,0.020040137,0.019909893,-0.010946339,0,0,1,0,0
27/4/2000,Thursday,0.020148457,0.005542563,0.042562687,0,0,0,1,0
28/4/2000,Friday,0.005741669,0.004608973,0.014783038,0,0,0,0,1
1/5/2000,Monday,0,0,0,1,0,0,0,0
2/5/2000,Tuesday,0.001265309,-0.011060973,0.007008411,0,1,0,0,0
3/5/2000,Wednesday,-0.010027727,-0.007946529,-0.007246365,0,0,1,0,0
4/5/2000,Thursday,-0.011453397,-0.004417784,0.011361995,0,0,0,1,0
5/5/2000,Friday,-0.001151172,0.00470913,0.01603458,0,0,0,0,1
8/5/2000,Monday,-0.018572432,-0.007225063,0.006073341,1,0,0,0,0
9/5/2000,Tuesday,0.004845459,0.005657806,0.023043572,0,1,0,0,0
10/5/2000,Wednesday,-0.015559674,-0.02245764,0.019800713,0,0,1,0,0
11/5/2000,Thursday,-0.026350104,-0.019205805,-0.032572094,0,0,0,1,0
12/5/2000,Friday,0.011378731,0.016200119,-0.007311328,0,0,0,0,1
15/5/2000,Monday,-0.007523357,-0.006498491,-0.035006808,1,0,0,0,0
16/5/2000,Tuesday,0.021244691,0.016452964,0.021084082,0,1,0,0,0
17/5/2000,Wednesday,-0.021060762,-0.002863991,-0.037479005,0,0,1,0,0
18/5/2000,Thursday,0,0,0,0,0,0,1,0
19/5/2000,Friday,-0.009694775,-0.002904924,-0.004087411,0,0,0,0,1
22/5/2000,Monday,-0.031892155,-0.040556444,-0.037328244,1,0,0,0,0
23/5/2000,Tuesday,-0.012566451,-0.004541964,5.31392E-05,0,1,0,0,0
24/5/2000,Wednesday,-0.017916047,-0.006440526,-0.034035523,0,0,1,0,0
25/5/2000,Thursday,-0.011659966,-0.011980328,0.004145673,0,0,0,1,0
26/5/2000,Friday,-0.016132765,-0.022454986,-0.015542527,0,0,0,0,1
29/5/2000,Monday,0.007104106,-0.00125157,-0.019831339,1,0,0,0,0
30/5/2000,Tuesday,-0.018927906,-0.019453563,-0.001693626,0,1,0,0,0
31/5/2000,Wednesday,-0.002281353,-0.003064374,0.015017746,0,0,1,0,0
1/6/2000,Thursday,0.023197889,0.011950689,0.007541636,0,0,0,1,0
2/6/2000,Friday,0.039037313,0.032182723,0.030824191,0,0,0,0,1
5/6/2000,Monday,0.037010721,0.032813187,0.041148079,1,0,0,0,0
6/6/2000,Tuesday,0.009683446,0.005968773,0.001215809,0,1,0,0,0
7/6/2000,Wednesday,0.016425124,0.01546883,0.003692413,0,0,1,0,0
8/6/2000,Thursday,0.012405107,0.015060527,0,0,0,0,1,0
9/6/2000,Friday,-0.00860864,-0.013067238,-0.01116357,0,0,0,0,1
12/6/2000,Monday,-0.0002693,0.006143764,0.001859567,1,0,0,0,0
13/6/2000,Tuesday,-0.011540039,-0.008193311,-0.015573475,0,1,0,0,0
14/6/2000,Wednesday,0.00865644,0.010283389,0.027978315,0,0,1,0,0
15/6/2000,Thursday,-0.0002505,-0.002024364,-0.02081889,0,0,0,1,0
16/6/2000,Friday,-0.011596352,-0.01502687,0.032391772,0,0,0,0,1
19/6/2000,Monday,-0.007993297,-0.004404681,-0.023580647,1,0,0,0,0
20/6/2000,Tuesday,0.006939168,0.00294731,0.011598758,0,1,0,0,0
21/6/2000,Wednesday,0.009536095,0.001884382,-0.009024087,0,0,1,0,0
22/6/2000,Thursday,-0.000354858,0.010529877,-0.0170692,0,0,0,1,0
23/6/2000,Friday,0.002800936,0.005570558,0.023653823,0,0,0,0,1
26/6/2000,Monday,-0.003540629,-0.000131729,0.003649639,1,0,0,0,0
27/6/2000,Tuesday,0.004587119,0.007744132,0.01989688,0,1,0,0,0
28/6/2000,Wednesday,0.012065746,0.00653855,0.043357304,0,0,1,0,0
29/6/2000,Thursday,-0.005570611,-0.007658947,0.004858539,0,0,0,1,0
30/6/2000,Friday,-0.005744105,0.000286424,-0.016478301,0,0,0,0,1
3/7/2000,Monday,0.015985621,0.009696289,0.010323969,1,0,0,0,0
4/7/2000,Tuesday,0.000777171,-0.004159447,0.0290886,0,1,0,0,0
5/7/2000,Wednesday,0.003809528,0.002687073,0.015940602,0,0,1,0,0
6/7/2000,Thursday,-0.007517381,0.002213091,-0.010482174,0,0,0,1,0
7/7/2000,Friday,0.013412494,0.010092588,0.023583261,0,0,0,0,1
10/7/2000,Monday,0.002615291,0.005519627,-0.004614487,1,0,0,0,0
11/7/2000,Tuesday,0.004266163,0.011070197,0.006215121,0,1,0,0,0
12/7/2000,Wednesday,0.002980727,-0.001324729,0.007920348,0,0,1,0,0
13/7/2000,Thursday,-0.013510178,-0.007277859,0.005347499,0,0,0,1,0
14/7/2000,Friday,-0.002458644,-0.008322519,0.005468799,0,0,0,0,1
17/7/2000,Monday,0.01339616,0.007446661,-0.010691589,1,0,0,0,0
18/7/2000,Tuesday,-0.000697607,0.004027838,-0.012269685,0,1,0,0,0
19/7/2000,Wednesday,0.014487679,0.014119602,0.004639643,0,0,1,0,0
20/7/2000,Thursday,-0.001854602,0.002685425,-0.016372652,0,0,0,1,0
21/7/2000,Friday,-0.003075156,-0.001469886,0.002044651,0,0,0,0,1
24/7/2000,Monday,-0.013129499,-0.010757316,-0.025981303,1,0,0,0,0
25/7/2000,Tuesday,-0.000314491,0.001684597,0.031672363,0,1,0,0,0
26/7/2000,Wednesday,-0.009158717,-0.007855604,0.003038877,0,0,1,0,0
27/7/2000,Thursday,-0.010710442,0.000401175,0.019516962,0,0,0,1,0
28/7/2000,Friday,-0.008789033,-0.00372314,0.00148726,0,0,0,0,1
31/7/2000,Monday,0.005960563,0.005869642,-0.022281362,1,0,0,0,0
1/8/2000,Tuesday,0.011087819,0.009257319,-0.000441055,0,1,0,0,0
2/8/2000,Wednesday,-0.003942034,0.011707425,0.011236084,0,0,1,0,0
3/8/2000,Thursday,-0.010163188,-0.009284941,-0.002473967,0,0,0,1,0
4/8/2000,Friday,0.003758155,0.016810263,0.009793592,0,0,0,0,1
7/8/2000,Monday,0.003205217,0.009945841,-0.028884079,1,0,0,0,0
8/8/2000,Tuesday,-0.006968262,-0.009020548,-0.000433686,0,1,0,0,0
9/8/2000,Wednesday,0,0,0,0,0,1,0,0
10/8/2000,Thursday,0.019039891,0.014565562,-0.009919388,0,0,0,1,0
11/8/2000,Friday,0.007965961,0.010087394,0.042907146,0,0,0,0,1
14/8/2000,Monday,0.012364933,0.010368757,-0.019813324,1,0,0,0,0
15/8/2000,Tuesday,0.012288209,0.000432481,0.019004333,0,1,0,0,0
16/8/2000,Wednesday,0.014947355,0.00992758,-0.013670683,0,0,1,0,0
17/8/2000,Thursday,0.009642864,0.011815325,0.01144866,0,0,0,1,0
18/8/2000,Friday,-0.009802996,-0.013946342,-0.006939884,0,0,0,0,1
21/8/2000,Monday,0.006917161,0.011360497,0.016008542,1,0,0,0,0
22/8/2000,Tuesday,0.004452311,0.007290199,-0.00086639,0,1,0,0,0
23/8/2000,Wednesday,-0.009116256,-0.005041695,-0.024960871,0,0,1,0,0
24/8/2000,Thursday,-0.007556613,-0.019199976,-0.012290942,0,0,0,1,0
25/8/2000,Friday,-0.003534362,-0.003148292,-0.000591634,0,0,0,0,1
28/8/2000,Monday,0.004522852,0.001618327,0.001346806,1,0,0,0,0
29/8/2000,Tuesday,-0.004342837,-0.008618693,-0.017402275,0,1,0,0,0
30/8/2000,Wednesday,-0.000618649,0.00273403,-0.008755061,0,0,1,0,0
31/8/2000,Thursday,-0.008147298,-0.006132456,-0.020206862,0,0,0,1,0
1/9/2000,Friday,0.006002149,0.007605926,0.004219542,0,0,0,0,1
4/9/2000,Monday,0.013496697,0.015443001,0.006279684,1,0,0,0,0
5/9/2000,Tuesday,-0.005567831,-0.00658991,-0.002183978,0,1,0,0,0
6/9/2000,Wednesday,-0.006684674,-0.010016095,0.009072076,0,0,1,0,0
7/9/2000,Thursday,-0.010174587,-0.005297304,-0.008666922,0,0,0,1,0
8/9/2000,Friday,-0.003011783,-0.00338355,-0.002118371,0,0,0,0,1
11/9/2000,Monday,-0.007257956,-0.003614202,-0.006561492,1,0,0,0,0
12/9/2000,Tuesday,-0.01595499,-0.011051886,-0.007308166,0,1,0,0,0
13/9/2000,Wednesday,-0.001904922,0.003081743,0.002132297,0,0,1,0,0
14/9/2000,Thursday,-0.002438023,-0.005879012,-0.007202596,0,0,0,1,0
15/9/2000,Friday,-0.011295999,-0.018094969,-0.015294179,0,0,0,0,1
18/9/2000,Monday,-0.018393865,-0.007639871,-0.010086171,1,0,0,0,0
19/9/2000,Tuesday,-0.000912997,0.001220887,-0.004332299,0,1,0,0,0
20/9/2000,Wednesday,-0.003894549,-0.01432908,-0.00911574,0,0,1,0,0
21/9/2000,Thursday,-0.008900294,-0.008836858,-0.005683189,0,0,0,1,0
22/9/2000,Friday,-0.028468443,-0.017786071,-0.037450871,0,0,0,0,1
25/9/2000,Monday,0.022815961,0.026023369,-0.005391898,1,0,0,0,0
26/9/2000,Tuesday,0.00598931,0.015026784,0.002735445,0,1,0,0,0
27/9/2000,Wednesday,-0.009692558,-0.004457201,0.006993613,0,0,1,0,0
28/9/2000,Thursday,-0.00271903,-0.005043487,-0.006660889,0,0,0,1,0
29/9/2000,Friday,0.016199366,0.020442968,-0.022263537,0,0,0,0,1
2/10/2000,Monday,-0.012131192,-0.010332664,-0.011286591,1,0,0,0,0
3/10/2000,Tuesday,0.002627125,0.012438848,-0.014868889,0,1,0,0,0
4/10/2000,Wednesday,-0.000733281,0.004550311,0.009237876,0,0,1,0,0
5/10/2000,Thursday,0.009225334,0.011152589,0.006315687,0,0,0,1,0
6/10/2000,Friday,-0.01619043,-0.011293944,-0.008163016,0,0,0,0,1
9/10/2000,Monday,-0.039374981,-0.035666695,-0.022012198,1,0,0,0,0
10/10/2000,Tuesday,0.014012368,0.023783217,-0.000168138,0,1,0,0,0
11/10/2000,Wednesday,-0.035771571,-0.026564006,-0.020292604,0,0,1,0,0
12/10/2000,Thursday,0.010392265,0.008352415,-0.000902059,0,0,0,1,0
13/10/2000,Friday,-0.002925195,0.0012986,-0.017029324,0,0,0,0,1
16/10/2000,Monday,0.012271207,0.009799119,0.036025233,1,0,0,0,0
17/10/2000,Tuesday,-0.035078235,-0.038238216,-0.002618477,0,1,0,0,0
18/10/2000,Wednesday,0.005544282,0.011759982,0.002000239,0,0,1,0,0
19/10/2000,Thursday,0.029894943,0.01694373,0.00167365,0,0,0,1,0
20/10/2000,Friday,0.020811105,0.005346525,0.022745247,0,0,0,0,1
23/10/2000,Monday,-0.004783551,-0.007091159,0.001659761,1,0,0,0,0
24/10/2000,Tuesday,0.000626602,0.004343362,0.010369493,0,1,0,0,0
25/10/2000,Wednesday,0.00343411,0.006724273,-0.006547575,0,0,1,0,0
26/10/2000,Thursday,0,0,0,0,0,0,1,0
27/10/2000,Friday,0.019962963,0.015795321,-0.003608514,0,0,0,0,1
30/10/2000,Monday,-0.00167909,0.000600754,-0.035588074,1,0,0,0,0
31/10/2000,Tuesday,0.009551987,0.010166356,0.028013188,0,1,0,0,0
1/11/2000,Wednesday,0.031606868,0.013829515,0.029465656,0,0,1,0,0
2/11/2000,Thursday,0.00020586,0.002012102,-0.00287586,0,0,0,1,0
3/11/2000,Friday,0.010273303,0.000304417,0.03425147,0,0,0,0,1
6/11/2000,Monday,-0.026872528,-0.021916615,-0.016408073,1,0,0,0,0
7/11/2000,Tuesday,0.007179523,-0.001504611,-0.039055969,0,1,0,0,0
8/11/2000,Wednesday,-0.002367615,-0.001294705,-0.00871717,0,0,1,0,0
9/11/2000,Thursday,-0.006332866,-0.002454143,-0.016137782,0,0,0,1,0
10/11/2000,Friday,-0.008817122,0.001909445,-0.002436394,0,0,0,0,1
13/11/2000,Monday,-0.024582232,-0.014990922,-0.035966651,1,0,0,0,0
14/11/2000,Tuesday,0.02173355,0.011544359,0.057027893,0,1,0,0,0
15/11/2000,Wednesday,-0.011614485,-0.003562006,-0.003883617,0,0,1,0,0
16/11/2000,Thursday,0.012517866,0.00814065,0.008289416,0,0,0,1,0
17/11/2000,Friday,-0.014634854,-0.008330242,-0.000643197,0,0,0,0,1
20/11/2000,Monday,-0.009954477,-0.008805071,-0.014577543,1,0,0,0,0
21/11/2000,Tuesday,-0.005084796,-0.002153357,-0.008979405,0,1,0,0,0
22/11/2000,Wednesday,-0.006940543,0.001207927,-0.003883617,0,0,1,0,0
23/11/2000,Thursday,0.015163844,0.023126945,0.006298133,0,0,0,1,0
24/11/2000,Friday,0.022469305,0.015167971,-0.02242346,0,0,0,0,1
27/11/2000,Monday,-0.002442053,0.001256221,-0.004379812,1,0,0,0,0
28/11/2000,Tuesday,-0.00672113,0.001024991,-0.022468231,0,1,0,0,0
29/11/2000,Wednesday,-0.002826609,0.002566019,-0.005585755,0,0,1,0,0
30/11/2000,Thursday,-0.004334344,0.008005957,-0.024926423,0,0,0,1,0
1/12/2000,Friday,0.001417885,-0.009399934,0,0,0,0,0,1
4/12/2000,Monday,-0.012367726,-0.0097057,-0.009520336,1,0,0,0,0
5/12/2000,Tuesday,0.011656476,0.006919876,0,0,1,0,0,0
6/12/2000,Wednesday,0.010803376,0.006429294,0.012998685,0,0,1,0,0
7/12/2000,Thursday,-0.008186015,-0.00990603,-0.004040541,0,0,0,1,0
8/12/2000,Friday,0.000729799,0.00091307,0,0,0,0,0,1
11/12/2000,Monday,0.022263781,0.021744947,-0.003603701,1,0,0,0,0
12/12/2000,Tuesday,-0.010321055,-0.004862348,0.005333649,0,1,0,0,0
13/12/2000,Wednesday,0.014985133,0.017706316,0.003463485,0,0,1,0,0
14/12/2000,Thursday,-0.016584427,-0.00882066,-0.005195097,0,0,0,1,0
15/12/2000,Friday,-0.016473931,-0.014598741,-0.007080385,0,0,0,0,1
18/12/2000,Monday,0.011000874,0.009134788,0,1,0,0,0,0
19/12/2000,Tuesday,-0.004513325,0.001376316,-0.030893367,0,1,0,0,0
20/12/2000,Wednesday,-0.016215543,-0.01345382,-0.00270597,0,0,1,0,0
21/12/2000,Thursday,-0.015924436,-0.012615698,-0.031043925,0,0,0,1,0
22/12/2000,Friday,0.002114844,0.005742604,-0.016972984,0,0,0,0,1
25/12/2000,Monday,0,0,0,1,0,0,0,0
26/12/2000,Tuesday,-0.005406472,-0.005792286,-0.00646601,0,1,0,0,0
27/12/2000,Wednesday,0,0,0,0,0,1,0,0
28/12/2000,Thursday,0.00418125,0.00348403,0.014252604,0,0,0,1,0
29/12/2000,Friday,0.013743371,0.013758423,0,0,0,0,0,1
1/1/2001,Monday,0,0,0,1,0,0,0,0
2/1/2001,Tuesday,-0.015982093,-0.010585092,-0.019237472,0,1,0,0,0
3/1/2001,Wednesday,-0.018500714,-0.014008714,-0.017846227,0,0,1,0,0
4/1/2001,Thursday,0.031322376,0.02096427,0.012504071,0,0,0,1,0
5/1/2001,Friday,0.02776152,0.023063681,0,0,0,0,0,1
8/1/2001,Monday,-0.012032687,-0.001825707,-0.035407899,1,0,0,0,0
9/1/2001,Tuesday,0.008608799,0.001175983,0.005333649,0,1,0,0,0
10/1/2001,Wednesday,0.000934489,0.004139203,-0.034370051,0,0,1,0,0
11/1/2001,Thursday,-0.02825979,-0.029026388,-0.005379411,0,0,0,1,0
12/1/2001,Friday,0.002503365,-0.004496511,0,0,0,0,0,1
15/1/2001,Monday,0.004998374,0.006330412,-0.016655887,1,0,0,0,0
16/1/2001,Tuesday,-0.006979687,-0.006340569,0.002285739,0,1,0,0,0
17/1/2001,Wednesday,-0.004624407,-0.004531112,-0.00136195,0,0,1,0,0
18/1/2001,Thursday,-0.010324828,-0.01479864,0.005856521,0,0,0,1,0
19/1/2001,Friday,0.01017276,-0.008331973,0.018682889,0,0,0,0,1
22/1/2001,Monday,0.002142557,0.005146482,-0.000760457,1,0,0,0,0
23/1/2001,Tuesday,0.001683581,0.001460023,-0.001146135,0,1,0,0,0
24/1/2001,Wednesday,0,0,0,0,0,1,0,0
25/1/2001,Thursday,0,0,0,0,0,0,1,0
26/1/2001,Friday,-0.00435069,0.000985585,-0.036209046,0,0,0,0,1
29/1/2001,Monday,0.013632524,0.013545344,-0.005797507,1,0,0,0,0
30/1/2001,Tuesday,0.015138068,0.01091301,-0.002714416,0,1,0,0,0
31/1/2001,Wednesday,0.015062987,0.009061063,0.015509752,0,0,1,0,0
1/2/2001,Thursday,-0.004484527,-0.002152259,0.018769576,0,0,0,1,0
2/2/2001,Friday,-0.002919946,-0.006919754,0.071035468,0,0,0,0,1
5/2/2001,Monday,-0.011811872,-0.007314002,0.083360951,1,0,0,0,0
6/2/2001,Tuesday,-0.002881196,-0.002542825,0.006157169,0,1,0,0,0
7/2/2001,Wednesday,-0.002632108,0.00347107,-0.053859778,0,0,1,0,0
8/2/2001,Thursday,0.020224945,0.024196669,0.004706099,0,0,0,1,0
9/2/2001,Friday,-0.004535224,-0.003551213,-0.010860431,0,0,0,0,1
12/2/2001,Monday,0.008482346,0.013545051,-0.022665737,1,0,0,0,0
13/2/2001,Tuesday,-0.000698673,-0.008830316,-0.011843872,0,1,0,0,0
14/2/2001,Wednesday,-0.011474528,-0.00930364,-0.001954702,0,0,1,0,0
15/2/2001,Thursday,0.004794955,-0.001573588,0.001954702,0,0,0,1,0
16/2/2001,Friday,-0.002021733,0.000337622,0.015430774,0,0,0,0,1
19/2/2001,Monday,-0.012016769,-0.006188749,-0.016070567,1,0,0,0,0
20/2/2001,Tuesday,0.014332048,0.011770253,0.010553613,0,1,0,0,0
21/2/2001,Wednesday,-0.007573658,0.005603002,-0.015653743,0,0,1,0,0
22/2/2001,Thursday,-0.008500143,-0.008073817,0.00364402,0,0,0,1,0
23/2/2001,Friday,0.001151233,-0.001764818,0.007844143,0,0,0,0,1
26/2/2001,Monday,0.006884806,0.008120419,-0.001334821,1,0,0,0,0
27/2/2001,Tuesday,-0.011889965,-0.002693833,-0.028075773,0,1,0,0,0
28/2/2001,Wednesday,0.005282491,0.012317392,0.00597288,0,0,1,0,0
1/3/2001,Thursday,-0.018465635,-0.010746545,-0.008635689,0,0,0,1,0
2/3/2001,Friday,-0.002372344,0.005857312,-0.011343246,0,0,0,0,1
5/3/2001,Monday,-0.003771706,0.002467643,-0.010528747,1,0,0,0,0
6/3/2001,Tuesday,0,0,0,0,1,0,0,0
7/3/2001,Wednesday,0.005605137,0.006060595,0.011891614,0,0,1,0,0
8/3/2001,Thursday,-0.002919358,-0.008050504,0.024395286,0,0,0,1,0
9/3/2001,Friday,-0.003601959,-0.005090244,-0.011176092,0,0,0,0,1
12/3/2001,Monday,-0.025870136,-0.030815586,-0.009055269,1,0,0,0,0
13/3/2001,Tuesday,-0.028440898,-0.0269417,0.001446661,0,1,0,0,0
14/3/2001,Wednesday,-0.003225495,0.004012626,-0.013991718,0,0,1,0,0
15/3/2001,Thursday,0.000925818,-0.005739436,-0.018194356,0,0,0,1,0
16/3/2001,Friday,-0.012193289,-0.016670634,-0.000928076,0,0,0,0,1
19/3/2001,Monday,-0.028591774,-0.027888188,-0.03975627,1,0,0,0,0
20/3/2001,Tuesday,0.005530075,0.006623009,0.010813444,0,1,0,0,0
21/3/2001,Wednesday,-0.002138915,-0.009982702,-0.00086768,0,0,1,0,0
22/3/2001,Thursday,-0.026077831,-0.022423908,-0.011753148,0,0,0,1,0
23/3/2001,Friday,0.018706983,0.01686018,0.011682961,0,0,0,0,1
26/3/2001,Monday,0.001677589,-0.006548857,-0.020385582,1,0,0,0,0
27/3/2001,Tuesday,-0.022840779,-0.015866973,-0.014224002,0,1,0,0,0
28/3/2001,Wednesday,-0.015040584,-0.011196606,-0.018839291,0,0,1,0,0
29/3/2001,Thursday,-0.016019353,-0.007360869,-0.003949561,0,0,0,1,0
30/3/2001,Friday,0.027958771,0.016926422,-0.052001213,0,0,0,0,1
2/4/2001,Monday,-0.015221067,-0.001179021,-0.004333476,1,0,0,0,0
3/4/2001,Tuesday,-0.002909195,0.0040231,-0.021434751,0,1,0,0,0
4/4/2001,Wednesday,-0.013545414,-0.010222065,0.017402275,0,0,1,0,0
5/4/2001,Thursday,0.033281133,0.024461889,0.020508697,0,0,0,1,0
6/4/2001,Friday,-0.004003519,0.001437752,-0.026215481,0,0,0,0,1
9/4/2001,Monday,-0.046089017,-0.044742383,-0.027160308,1,0,0,0,0
10/4/2001,Tuesday,0.006356132,-0.002309362,0.020322035,0,1,0,0,0
11/4/2001,Wednesday,0.006879195,0.005303246,0.004123857,0,0,1,0,0
12/4/2001,Thursday,-0.014722372,-0.025415102,0,0,0,0,1,0
13/4/2001,Friday,0,0,0,0,0,0,0,1
16/4/2001,Monday,0.000809679,0.004866406,0,1,0,0,0,0
17/4/2001,Tuesday,-0.017174376,-0.005036071,-0.003256177,0,1,0,0,0
18/4/2001,Wednesday,0.024743517,0.012319872,-0.002898155,0,0,1,0,0
19/4/2001,Thursday,0.024577487,0.016823248,0.028464829,0,0,0,1,0
20/4/2001,Friday,0.006208134,0.001476864,0.011539398,0,0,0,0,1
23/4/2001,Monday,0.017186431,0.022131876,0.019325367,1,0,0,0,0
24/4/2001,Tuesday,0.000735678,-0.007660118,0.043948886,0,1,0,0,0
25/4/2001,Wednesday,-0.009121384,-0.012183892,0.038961621,0,0,1,0,0
26/4/2001,Thursday,-0.000454967,0.000339706,-0.023436451,0,0,0,1,0
27/4/2001,Friday,0.009760186,0.007306189,-0.002108266,0,0,0,0,1
30/4/2001,Monday,0.021278709,0.014136195,0.023365051,1,0,0,0,0
1/5/2001,Tuesday,0,0,0,0,1,0,0,0
2/5/2001,Wednesday,0.008634943,0.003444902,0.058678632,0,0,1,0,0
3/5/2001,Thursday,-0.00197587,-0.001558167,-0.020052137,0,0,0,1,0
4/5/2001,Friday,-0.011243729,-0.009290609,-0.008088194,0,0,0,0,1
7/5/2001,Monday,0,0,0,1,0,0,0,0
8/5/2001,Tuesday,-0.007527503,-0.01143464,-0.005079842,0,1,0,0,0
9/5/2001,Wednesday,-0.011606598,-0.01061815,-0.018202228,0,0,1,0,0
10/5/2001,Thursday,0.003891748,-0.000445858,-0.015013435,0,0,0,1,0
11/5/2001,Friday,0.008519471,0.012050876,-0.005709236,0,0,0,0,1
14/5/2001,Monday,-0.013761441,-0.009038238,-0.027701581,1,0,0,0,0
15/5/2001,Tuesday,0.006265781,0.002428475,0.001509441,0,1,0,0,0
16/5/2001,Wednesday,-0.02025546,-0.016130487,-0.009284783,0,0,1,0,0
17/5/2001,Thursday,0.015119945,0.018060126,0.023052894,0,0,0,1,0
18/5/2001,Friday,-0.011559025,-0.0044288,-0.008164399,0,0,0,0,1
21/5/2001,Monday,0.002432923,0.004905118,-0.008464925,1,0,0,0,0
22/5/2001,Tuesday,0.009322281,0.006764806,0,0,1,0,0,0
23/5/2001,Wednesday,0.002766188,0.001195111,0.022905777,0,0,1,0,0
24/5/2001,Thursday,0.00320773,0.004512576,0.018166483,0,0,0,1,0
25/5/2001,Friday,-0.002739541,-0.007667757,0.051892301,0,0,0,0,1
28/5/2001,Monday,-0.00665817,-0.005924958,-0.012212051,1,0,0,0,0
29/5/2001,Tuesday,0.003394073,0.005369302,-0.018886601,0,1,0,0,0
30/5/2001,Wednesday,-0.011665339,-0.004414981,-0.004766183,0,0,1,0,0
31/5/2001,Thursday,-0.003427931,0.002631222,-0.00952561,0,0,0,1,0
1/6/2001,Friday,-0.004396967,-0.004622207,-0.039565056,0,0,0,0,1
4/6/2001,Monday,0.009855624,0.008410263,0.061140116,1,0,0,0,0
5/6/2001,Tuesday,0.005088704,0.011340211,-0.007468556,0,1,0,0,0
6/6/2001,Wednesday,0.002689528,-0.003320047,-0.01755015,0,0,1,0,0
7/6/2001,Thursday,0.002759525,0.005054086,-0.005195097,0,0,0,1,0
8/6/2001,Friday,0.013971559,0.008472897,0.004578764,0,0,0,0,1
11/6/2001,Monday,-0.012659889,-0.008862879,0.002454019,1,0,0,0,0
12/6/2001,Tuesday,-0.004517955,-0.004419504,0.011070019,0,1,0,0,0
13/6/2001,Wednesday,0.010443495,0.009751859,0.005063562,0,0,1,0,0
14/6/2001,Thursday,-0.00383991,-0.001632912,0.0001999,0,0,0,1,0
15/6/2001,Friday,0.009777437,0.007971903,-0.021464225,0,0,0,0,1
18/6/2001,Monday,0.004456382,-0.001218138,-0.0001999,1,0,0,0,0
19/6/2001,Tuesday,-0.007091585,-0.006485335,0.01303924,0,1,0,0,0
20/6/2001,Wednesday,-0.009927999,-0.006681235,-0.010554736,0,0,1,0,0
21/6/2001,Thursday,0.000670478,-0.000226323,0.013620083,0,0,0,1,0
22/6/2001,Friday,0.01819135,0.019097305,0.034179707,0,0,0,0,1
25/6/2001,Monday,-0.005437383,-0.014420797,-0.071534889,1,0,0,0,0
26/6/2001,Tuesday,0.001462998,-0.004882767,0.005015937,0,1,0,0,0
27/6/2001,Wednesday,-0.003919793,-0.009578244,0.013728387,0,0,1,0,0
28/6/2001,Thursday,0.002497788,0.002568061,0.021239659,0,0,0,1,0
29/6/2001,Friday,0.010983938,0.023985499,0.022338457,0,0,0,0,1
2/7/2001,Monday,-0.011581432,-0.019342975,-0.019132224,1,0,0,0,0
3/7/2001,Tuesday,-0.001964873,-0.00299487,-0.005479795,0,1,0,0,0
4/7/2001,Wednesday,-0.005628544,-0.00114175,-0.022888827,0,0,1,0,0
5/7/2001,Thursday,-0.003365145,-0.002386315,8.92658E-05,0,0,0,1,0
6/7/2001,Friday,-0.016280916,-0.01441402,-0.011922481,0,0,0,0,1
9/7/2001,Monday,-0.003728129,-0.001545483,-0.018476765,1,0,0,0,0
10/7/2001,Tuesday,0.015448954,0.009871731,0.01912696,0,1,0,0,0
11/7/2001,Wednesday,-0.011341553,-0.009699777,-0.022834585,0,0,1,0,0
12/7/2001,Thursday,0.006850246,0.003200133,0.035643629,0,0,0,1,0
13/7/2001,Friday,-0.009532319,-0.015189352,0,0,0,0,0,1
16/7/2001,Monday,0.002182367,-0.000434435,-0.014261806,1,0,0,0,0
17/7/2001,Tuesday,-0.013202832,-0.009871137,-0.017764923,0,1,0,0,0
18/7/2001,Wednesday,-0.006710366,-0.007129406,-0.018423058,0,0,1,0,0
19/7/2001,Thursday,-0.000602213,-0.004217247,0.002614416,0,0,0,1,0
20/7/2001,Friday,0.006885341,0.008633917,-0.007948066,0,0,0,0,1
23/7/2001,Monday,-0.00654732,-0.007155501,-0.005333649,1,0,0,0,0
24/7/2001,Tuesday,0.002123847,-0.00840321,0.005712079,0,1,0,0,0
25/7/2001,Wednesday,0.001017356,-0.002277051,0.004816668,0,0,1,0,0
26/7/2001,Thursday,0.004187214,-0.001035294,-0.005827319,0,0,0,1,0
27/7/2001,Friday,0.000634193,0.002314307,0.014717671,0,0,0,0,1
30/7/2001,Monday,0.010406527,0.014422555,-0.008511923,1,0,0,0,0
31/7/2001,Tuesday,0.005096909,0.013551283,0.00495522,0,1,0,0,0
1/8/2001,Wednesday,0.011221118,0.009430392,0.001746736,0,0,1,0,0
2/8/2001,Thursday,-0.008793139,-0.012015396,0.027160308,0,0,0,1,0
3/8/2001,Friday,-0.012484196,-0.008930066,-0.012468626,0,0,0,0,1
6/8/2001,Monday,0.005351373,0.007768945,0.002710593,1,0,0,0,0
7/8/2001,Tuesday,-0.000663586,0.001924017,-0.013953914,0,1,0,0,0
8/8/2001,Wednesday,-0.009214923,-0.008272245,0.003695255,0,0,1,0,0
9/8/2001,Thursday,0,0,0,0,0,0,1,0
10/8/2001,Friday,-0.000292385,0.002544968,-0.003695255,0,0,0,0,1
13/8/2001,Monday,-0.009358705,-0.009738004,-0.023722458,1,0,0,0,0
14/8/2001,Tuesday,0.01301953,0.007782856,0,0,1,0,0,0
15/8/2001,Wednesday,-0.001676721,0.002265942,-0.002390717,0,0,1,0,0
16/8/2001,Thursday,-0.006459723,-0.00048762,-0.01233709,0,0,0,1,0
17/8/2001,Friday,0.001278174,0.002271039,-0.005128486,0,0,0,0,1
20/8/2001,Monday,-0.005681712,-0.007384281,-0.004175517,1,0,0,0,0
21/8/2001,Tuesday,0.002896987,0.005614002,-0.015657233,0,1,0,0,0
22/8/2001,Wednesday,0.000465681,-0.003198062,-0.007177352,0,0,1,0,0
23/8/2001,Thursday,0.001829983,0.00233754,0,0,0,0,1,0
24/8/2001,Friday,-0.006613521,-0.008939702,0.026335565,0,0,0,0,1
27/8/2001,Monday,0.012442202,0.015484522,0.016322267,1,0,0,0,0
28/8/2001,Tuesday,-0.002617484,-0.002787225,-0.00178454,0,1,0,0,0
29/8/2001,Wednesday,-0.003553681,-0.003035557,-0.044312452,0,0,1,0,0
30/8/2001,Thursday,-0.011745767,-0.01127561,0.009758033,0,0,0,1,0
31/8/2001,Friday,0.002089736,0.009156436,-0.020872003,0,0,0,0,1
3/9/2001,Monday,-0.002232095,0.000521937,0.024696211,1,0,0,0,0
4/9/2001,Tuesday,0.003114902,-0.002306803,0.005517591,0,1,0,0,0
5/9/2001,Wednesday,0.001214898,0.001541146,-0.017031562,0,0,1,0,0
6/9/2001,Thursday,-0.008989325,-0.009855803,-0.019416517,0,0,0,1,0
7/9/2001,Friday,-0.019498569,-0.018720941,0.002968897,0,0,0,0,1
10/9/2001,Monday,-0.011800864,-0.01181588,-0.002797248,1,0,0,0,0
11/9/2001,Tuesday,0.005318055,0.014718659,-0.027578858,0,1,0,0,0
12/9/2001,Wednesday,-0.07713594,-0.068288949,-0.067163326,0,0,1,0,0
13/9/2001,Thursday,-0.008154777,-0.002098851,0.021462347,0,0,0,1,0
14/9/2001,Friday,-0.027032576,-0.030152891,-0.086776739,0,0,0,0,1
17/9/2001,Monday,-0.048167277,-0.056449524,-0.07681224,1,0,0,0,0
18/9/2001,Tuesday,-0.007635204,-0.0035551,0.043401423,0,1,0,0,0
19/9/2001,Wednesday,0.013396239,0.015215219,-0.008440071,0,0,1,0,0
20/9/2001,Thursday,-0.021607766,-0.026683293,-0.086863591,0,0,0,1,0
21/9/2001,Friday,-0.056521329,-0.066255452,-0.073605703,0,0,0,0,1
24/9/2001,Monday,0.034358499,0.042853504,0.028559773,1,0,0,0,0
25/9/2001,Tuesday,-0.002462787,0.010757184,0.03244696,0,1,0,0,0
26/9/2001,Wednesday,-0.00297746,-0.002728266,-0.026812784,0,0,1,0,0
27/9/2001,Thursday,0.025621626,0.01726238,0.008890353,0,0,0,1,0
28/9/2001,Friday,0.006584574,0.008170892,0.004908222,0,0,0,0,1
1/10/2001,Monday,0.009623654,0.017410616,-0.005634175,1,0,0,0,0
2/10/2001,Tuesday,0.013442335,0.014055216,-0.003484728,0,1,0,0,0
3/10/2001,Wednesday,-0.011215572,-0.012695569,-0.030932948,0,0,1,0,0
4/10/2001,Thursday,0.031318446,0.03219822,0.005517591,0,0,0,1,0
5/10/2001,Friday,0.005580521,0.002066321,0.023102577,0,0,0,0,1
8/10/2001,Monday,-0.026654007,-0.027406937,-0.036821136,1,0,0,0,0
9/10/2001,Tuesday,0.024565863,0.017459178,0.073448779,0,1,0,0,0
10/10/2001,Wednesday,-0.012372252,-0.011259226,-0.009758033,0,0,1,0,0
11/10/2001,Thursday,0.02186014,0.018489349,0.025150241,0,0,0,1,0
12/10/2001,Friday,0.014580732,0.014970838,-0.010897637,0,0,0,0,1
15/10/2001,Monday,0.003200544,0.00700394,-0.013798574,1,0,0,0,0
16/10/2001,Tuesday,0.005523926,0.005118821,0.018194356,0,1,0,0,0
17/10/2001,Wednesday,0.009349639,0.00293213,0.07491211,0,0,1,0,0
18/10/2001,Thursday,-0.024804611,-0.023601506,-0.01555675,0,0,0,1,0
19/10/2001,Friday,-0.012856507,-0.009024564,-0.022688927,0,0,0,0,1
22/10/2001,Monday,-0.000569011,0.002361411,0.000756145,1,0,0,0,0
23/10/2001,Tuesday,0.012536544,0.017150037,0.025950134,0,1,0,0,0
24/10/2001,Wednesday,0.008297098,0.009825774,0.008890353,0,0,1,0,0
25/10/2001,Thursday,-0.005675119,-0.015788456,-0.028907044,0,0,0,1,0
26/10/2001,Friday,0.001467862,0.001155154,0.003256177,0,0,0,0,1
29/10/2001,Monday,-0.012485055,-0.014127756,-0.001389912,1,0,0,0,0
30/10/2001,Tuesday,-0.007475459,-0.007014348,-0.033916022,0,1,0,0,0
31/10/2001,Wednesday,-0.011282469,-0.009466507,0.023102577,0,0,1,0,0
1/11/2001,Thursday,-0.014974408,-0.007657831,-0.019062036,0,0,0,1,0
2/11/2001,Friday,-0.004417875,-0.003024411,-0.007548066,0,0,0,0,1
5/11/2001,Monday,-0.000805351,-0.004202751,-0.052052243,1,0,0,0,0
6/11/2001,Tuesday,-0.004096436,-0.003080913,0.012124924,0,1,0,0,0
7/11/2001,Wednesday,-0.004888296,-0.004970502,-0.010258659,0,0,1,0,0
8/11/2001,Thursday,0.003314036,0.003652467,-0.003960525,0,0,0,1,0
9/11/2001,Friday,0.022154871,0.025322613,0.011431683,0,0,0,0,1
12/11/2001,Monday,0.005524896,0.004022298,0.024057233,1,0,0,0,0
13/11/2001,Tuesday,-0.002915976,-0.000589922,-0.024057233,0,1,0,0,0
14/11/2001,Wednesday,0,0,0,0,0,1,0,0
15/11/2001,Thursday,0.047062463,0.046099305,0.044238466,0,0,0,1,0
16/11/2001,Friday,-0.007006902,-0.009156654,-0.020551947,0,0,0,0,1
19/11/2001,Monday,0.020895774,0.026646346,0.010950103,1,0,0,0,0
20/11/2001,Tuesday,-0.003711603,-0.000391474,0.00713129,0,1,0,0,0
21/11/2001,Wednesday,0.012623707,0.01294875,0,0,0,1,0,0
22/11/2001,Thursday,-0.009649189,-0.007204433,-0.013798574,0,0,0,1,0
23/11/2001,Friday,0.004860235,0.002345566,-0.025080253,0,0,0,0,1
26/11/2001,Monday,0.011828003,0.006966463,0.032132124,1,0,0,0,0
27/11/2001,Tuesday,0.017833327,0.018974272,-0.008471855,0,1,0,0,0
28/11/2001,Wednesday,-0.017169389,-0.018132556,0.019518951,0,0,1,0,0
29/11/2001,Thursday,-0.015101296,-0.012902641,-0.010258659,0,0,0,1,0
30/11/2001,Friday,0.01646167,0.01891091,0.003252104,0,0,0,0,1
3/12/2001,Monday,0.010589371,0.009163908,-0.011621526,1,0,0,0,0
4/12/2001,Tuesday,0.028857891,0.029416981,0.01340833,0,1,0,0,0
5/12/2001,Wednesday,0.035235919,0.029753065,0.022485367,0,0,1,0,0
6/12/2001,Thursday,0.015526686,0.015623425,-0.010813444,0,0,0,1,0
7/12/2001,Friday,0.006578566,0.007663853,0.030246194,0,0,0,0,1
10/12/2001,Monday,-0.00766684,-0.005453802,-0.02821572,1,0,0,0,0
11/12/2001,Tuesday,-0.00841213,-0.00656658,-0.013798574,0,1,0,0,0
12/12/2001,Wednesday,-0.005147928,-0.012741432,0.005970593,0,0,1,0,0
13/12/2001,Thursday,-0.01571302,-0.015733905,0.025003791,0,0,0,1,0
14/12/2001,Friday,-0.007211892,-0.004916413,-0.003814076,0,0,0,0,1
17/12/2001,Monday,0,0,0,1,0,0,0,0
18/12/2001,Tuesday,0.016008999,0.013443442,-0.01943275,0,1,0,0,0
19/12/2001,Wednesday,0.007448824,0.008511612,0.009087436,0,0,1,0,0
20/12/2001,Thursday,-0.001361052,0.005901592,0.018862136,0,0,0,1,0
21/12/2001,Friday,-0.010219813,-0.003150591,-0.027405016,0,0,0,0,1
24/12/2001,Monday,0.00269757,0.002570716,0,1,0,0,0,0
25/12/2001,Tuesday,0,0,0,0,1,0,0,0
26/12/2001,Wednesday,0.003560273,0.001544333,-0.00291976,0,0,1,0,0
27/12/2001,Thursday,0.01565531,0.004584701,0.013798574,0,0,0,1,0
28/12/2001,Friday,0.008628863,0.009634983,-0.010813444,0,0,0,0,1
31/12/2001,Monday,-0.001464805,-0.000564054,0,1,0,0,0,0
1/1/2002,Tuesday,0,0,0,0,1,0,0,0
2/1/2002,Wednesday,0.001286435,-0.002511228,-0.00516414,0,0,1,0,0
3/1/2002,Thursday,0.017088908,0.01744454,0.097632676,0,0,0,1,0
4/1/2002,Friday,0.014980565,0.011895581,0.030529158,0,0,0,0,1
7/1/2002,Monday,0.010241243,0.005938458,0.081818498,1,0,0,0,0
8/1/2002,Tuesday,0.00474711,0.008092383,0.007724168,0,1,0,0,0
9/1/2002,Wednesday,-0.010512689,-0.005060739,-0.002301521,0,0,1,0,0
10/1/2002,Thursday,0.012049049,0.019617215,0.008890353,0,0,0,1,0
11/1/2002,Friday,-0.001507018,-0.004929289,0.021852472,0,0,0,0,1
14/1/2002,Monday,0.015980128,0.018386196,0.018618085,1,0,0,0,0
15/1/2002,Tuesday,-0.021623726,-0.019430026,-0.060792592,0,1,0,0,0
16/1/2002,Wednesday,-0.011837408,-0.009593033,-0.024926229,0,0,1,0,0
17/1/2002,Thursday,-0.008413717,-0.010586353,-0.000305165,0,0,0,1,0
18/1/2002,Friday,0.00074648,0.001348052,-0.006937112,0,0,0,0,1
21/1/2002,Monday,0.005856146,0.009028185,0,1,0,0,0,0
22/1/2002,Tuesday,-0.004995977,-0.009709642,-0.025032629,0,1,0,0,0
23/1/2002,Wednesday,0.001910174,0.002621695,0.012907704,0,0,1,0,0
24/1/2002,Thursday,-0.002030433,-0.004619134,0.019268541,0,0,0,1,0
25/1/2002,Friday,0.039989889,0.041515654,0.036683489,0,0,0,0,1
28/1/2002,Monday,0.024015562,0.015733612,0.027538184,1,0,0,0,0
29/1/2002,Tuesday,-0.000936758,0.000814193,0.000836662,0,1,0,0,0
30/1/2002,Wednesday,-0.008863491,-0.010714243,-0.012124924,0,0,1,0,0
31/1/2002,Thursday,0.017660304,0.014749595,0.033140919,0,0,0,1,0
1/2/2002,Friday,-0.00306588,-0.004847301,-0.009918953,0,0,0,0,1
4/2/2002,Monday,-0.013148679,-0.018352581,-0.025036625,1,0,0,0,0
5/2/2002,Tuesday,-0.017511593,-0.015593838,-0.016534595,0,1,0,0,0
6/2/2002,Wednesday,0.01207066,0.009496773,0.028685093,0,0,1,0,0
7/2/2002,Thursday,-0.018178542,-0.009233412,-0.038039123,0,0,0,1,0
8/2/2002,Friday,0.011182877,0.009087571,0.00076902,0,0,0,0,1
11/2/2002,Monday,0.002410104,0.003410252,0.037023818,1,0,0,0,0
12/2/2002,Tuesday,0,0,0,0,1,0,0,0
13/2/2002,Wednesday,0,0,0,0,0,1,0,0
14/2/2002,Thursday,0.019356324,0.019886506,-0.003053494,0,0,0,1,0
15/2/2002,Friday,-0.003590283,0.004415753,0.002448068,0,0,0,0,1
18/2/2002,Monday,-0.004267492,0.000694956,-0.008511923,1,0,0,0,0
19/2/2002,Tuesday,-0.010281326,-0.013752852,0.035031547,0,1,0,0,0
20/2/2002,Wednesday,-0.007707234,-0.005064978,-0.016356066,0,0,1,0,0
21/2/2002,Thursday,0.001433038,0.004836756,-0.008817266,0,0,0,1,0
22/2/2002,Friday,-0.024355454,-0.028654845,-0.008890353,0,0,0,0,1
25/2/2002,Monday,-0.013395756,-0.010810869,0,1,0,0,0,0
26/2/2002,Tuesday,0.008793903,0.00996146,-0.041198094,0,1,0,0,0
27/2/2002,Wednesday,0.011800052,0.005858569,0.021428927,0,0,1,0,0
28/2/2002,Thursday,0.007729818,0.009249379,0,0,0,0,1,0
1/3/2002,Friday,0.003456406,0.004093231,0.011431683,0,0,0,0,1
4/3/2002,Monday,0.049052357,0.040744673,0.011214459,1,0,0,0,0
5/3/2002,Tuesday,-0.00098496,0.000113485,-0.004050771,0,1,0,0,0
6/3/2002,Wednesday,-0.003716157,-0.005335266,-0.000806599,0,0,1,0,0
7/3/2002,Thursday,-0.002938314,-0.000758055,0.014080728,0,0,0,1,0
8/3/2002,Friday,0.002604849,-0.002993569,0.00454565,0,0,0,0,1
11/3/2002,Monday,0.003390596,0.002050425,0.001061636,1,0,0,0,0
12/3/2002,Tuesday,-0.012139196,-0.007503033,-0.009828221,0,1,0,0,0
13/3/2002,Wednesday,0.001316899,-0.002638401,0.023982035,0,0,1,0,0
14/3/2002,Thursday,-0.004433925,-0.008252331,0.00432767,0,0,0,1,0
15/3/2002,Friday,0.000174361,0.001047351,-0.0295272,0,0,0,0,1
18/3/2002,Monday,0.004612311,0.001972646,0.039785859,1,0,0,0,0
19/3/2002,Tuesday,0.012301565,0.010473969,0.016455269,0,1,0,0,0
20/3/2002,Wednesday,-0.003617442,-0.001842754,-0.013170855,0,0,1,0,0
21/3/2002,Thursday,-0.004455267,-0.008143042,0.046687623,0,0,0,1,0
22/3/2002,Friday,0.003522473,0.00535582,-0.020992784,0,0,0,0,1
25/3/2002,Monday,-0.000894745,-0.002231825,-0.005381197,1,0,0,0,0
26/3/2002,Tuesday,-0.002493947,-0.003268293,0.00191389,0,1,0,0,0
27/3/2002,Wednesday,0.000585077,0.001906734,0.012950803,0,0,1,0,0
28/3/2002,Thursday,0.004479801,0.004368142,-0.005599879,0,0,0,1,0
29/3/2002,Friday,0,0,0,0,0,0,0,1
1/4/2002,Monday,-0.007866845,-0.005685531,-0.004231141,1,0,0,0,0
2/4/2002,Tuesday,0.0045673,0.000830109,-0.00190202,0,1,0,0,0
3/4/2002,Wednesday,-0.007982681,-0.01051431,-0.038622212,0,0,1,0,0
4/4/2002,Thursday,-0.002701361,-0.000286863,-0.022251532,0,0,0,1,0
5/4/2002,Friday,0.001006141,0.00162957,0.008801087,0,0,0,0,1
8/4/2002,Monday,-0.008071952,-0.008010235,0.007190603,1,0,0,0,0
9/4/2002,Tuesday,-0.006477443,-0.007428228,0.012327047,0,1,0,0,0
10/4/2002,Wednesday,-0.022429974,-0.017463003,-0.028408003,0,0,1,0,0
11/4/2002,Thursday,0.01460125,0.020791909,0.002366892,0,0,0,1,0
12/4/2002,Friday,0.006396897,0.006495293,0.004995903,0,0,0,0,1
15/4/2002,Monday,0.003299816,0.005157864,0.011285591,1,0,0,0,0
16/4/2002,Tuesday,0.007092691,0.007736186,0.027655111,0,1,0,0,0
17/4/2002,Wednesday,0.000728528,-0.008919713,-0.012749645,0,0,1,0,0
18/4/2002,Thursday,-0.013527238,-0.01688071,0.024198368,0,0,0,1,0
19/4/2002,Friday,-0.0096138,-0.013636875,-0.013265236,0,0,0,0,1
22/4/2002,Monday,-0.001827393,-0.000446783,-0.048659675,1,0,0,0,0
23/4/2002,Tuesday,0.007375809,0.005021098,0.040497163,0,1,0,0,0
24/4/2002,Wednesday,-0.003297683,-0.001762192,-0.024087534,0,0,1,0,0
25/4/2002,Thursday,-0.004217051,-0.000398949,-0.013440328,0,0,0,1,0
26/4/2002,Friday,0.000520873,0.00526764,0.003533513,0,0,0,0,1
29/4/2002,Monday,-0.009335703,-0.00845498,-0.037924172,1,0,0,0,0
30/4/2002,Tuesday,0.007627385,0.009166152,0.027450575,0,1,0,0,0
1/5/2002,Wednesday,0,0,0,0,0,1,0,0
2/5/2002,Thursday,0.008644722,0.009834773,-0.015960758,0,0,0,1,0
3/5/2002,Friday,0.000379162,0.001111564,-0.007665609,0,0,0,0,1
6/5/2002,Monday,-0.010949963,-0.007506115,-0.016008542,1,0,0,0,0
7/5/2002,Tuesday,-0.000621546,-0.000359079,0.006506755,0,1,0,0,0
8/5/2002,Wednesday,0.008361325,0.006053109,0.033460761,0,0,1,0,0
9/5/2002,Thursday,-0.001049282,-0.003507856,-0.004272095,0,0,0,1,0
10/5/2002,Friday,0.001348874,0.000587187,0.006506755,0,0,0,0,1
13/5/2002,Monday,-0.001821988,-0.001064462,-0.022310497,1,0,0,0,0
14/5/2002,Tuesday,0.005444555,0.005406143,0.017815926,0,1,0,0,0
15/5/2002,Wednesday,0.002905804,0.004665539,-0.017815926,0,0,1,0,0
16/5/2002,Thursday,-0.007952237,-0.00583117,-0.004597904,0,0,0,1,0
17/5/2002,Friday,7.50E-05,0.003690703,0.016830864,0,0,0,0,1
20/5/2002,Monday,-0.005228196,-0.004442448,-0.012462452,1,0,0,0,0
21/5/2002,Tuesday,0.003421083,-6.33E-05,-0.021189716,0,1,0,0,0
22/5/2002,Wednesday,0.004048472,0.005431164,-0.026706279,0,0,1,0,0
23/5/2002,Thursday,-0.011414539,-0.010292726,0.004758353,0,0,0,1,0
24/5/2002,Friday,0.002633654,0.005682363,-0.013955376,0,0,0,0,1
27/5/2002,Monday,0,0,0,1,0,0,0,0
28/5/2002,Tuesday,-0.007974533,-0.006369489,0.003539915,0,1,0,0,0
29/5/2002,Wednesday,-0.014270589,-0.016042362,-0.010251374,0,0,1,0,0
30/5/2002,Thursday,-0.000587912,-0.003669323,0.005063562,0,0,0,1,0
31/5/2002,Friday,-0.006908562,-0.008637646,-0.061011405,0,0,0,0,1
3/6/2002,Monday,0.000807168,0.002319082,0,1,0,0,0,0
4/6/2002,Tuesday,-0.015315194,-0.013369352,0.002515756,0,1,0,0,0
5/6/2002,Wednesday,0.003779807,0.004413387,-0.004915687,0,0,1,0,0
6/6/2002,Thursday,-0.00093151,-0.000620497,0.004576859,0,0,0,1,0
7/6/2002,Friday,-6.05E-06,0.000855411,-0.004938523,0,0,0,0,1
10/6/2002,Monday,0.007229695,0.001643058,0.002185814,1,0,0,0,0
11/6/2002,Tuesday,-0.004745567,-0.005792422,-0.03256192,0,1,0,0,0
12/6/2002,Wednesday,-0.006401136,-0.008597548,0.006250509,0,0,1,0,0
13/6/2002,Thursday,-0.003682371,-0.007075669,0.004562936,0,0,0,1,0
14/6/2002,Friday,-0.01981153,-0.019246425,-0.007225904,0,0,0,0,1
17/6/2002,Monday,-0.006226701,-0.005085942,-0.031999397,1,0,0,0,0
18/6/2002,Tuesday,0.001757135,0.001880495,-0.002649045,0,1,0,0,0
19/6/2002,Wednesday,-0.022780316,-0.020584016,-0.024088623,0,0,1,0,0
20/6/2002,Thursday,0.006212486,0.001514457,0.012124924,0,0,0,1,0
21/6/2002,Friday,-0.017978084,-0.013323848,-0.012124924,0,0,0,0,1
24/6/2002,Monday,-0.0054278,-0.005310752,-0.005555913,1,0,0,0,0
25/6/2002,Tuesday,0.017992031,0.018094288,0.010900527,0,1,0,0,0
26/6/2002,Wednesday,-0.021724898,-0.021094813,0,0,0,1,0,0
27/6/2002,Thursday,-0.000365566,0.000793596,0.00805478,0,0,0,1,0
28/6/2002,Friday,0.013869254,0.012324779,0.014046099,0,0,0,0,1
1/7/2002,Monday,-0.001688504,-0.001366715,-0.028833958,1,0,0,0,0
2/7/2002,Tuesday,0.00152751,0.002214814,0,0,1,0,0,0
3/7/2002,Wednesday,0.019395545,0.020833285,0.005277351,0,0,1,0,0
4/7/2002,Thursday,0.009811857,0.006913363,0.002366892,0,0,0,1,0
5/7/2002,Friday,0.02640666,0.025048164,0.040552791,0,0,0,0,1
8/7/2002,Monday,-0.012412773,-0.015370064,-0.002454019,1,0,0,0,0
9/7/2002,Tuesday,0.014682466,0.015672922,0.025020525,0,1,0,0,0
10/7/2002,Wednesday,-0.008128935,-0.00922999,-0.02292817,0,0,1,0,0
11/7/2002,Thursday,-0.014660168,-0.015792421,0,0,0,0,1,0
12/7/2002,Friday,0.003662007,0.005186995,-0.067780868,0,0,0,0,1
15/7/2002,Monday,-0.002686231,-0.00269479,-0.005063562,1,0,0,0,0
16/7/2002,Tuesday,-0.014964558,-0.00972716,0.01836151,0,1,0,0,0
17/7/2002,Wednesday,-0.001609265,-0.004925189,0.005277351,0,0,1,0,0
18/7/2002,Thursday,-0.002149723,-0.004468768,-0.010611,0,0,0,1,0
19/7/2002,Friday,-0.012560355,-0.01058544,0.011835316,0,0,0,0,1
22/7/2002,Monday,-0.015528423,-0.016162848,0,1,0,0,0,0
23/7/2002,Tuesday,0.019073006,0.023809732,-0.029440035,0,1,0,0,0
24/7/2002,Wednesday,-0.027795037,-0.02749009,-0.005634175,0,0,1,0,0
25/7/2002,Thursday,-0.004205046,-0.004140649,0.060307309,0,0,0,1,0
26/7/2002,Friday,-0.014433562,-0.022129269,0,0,0,0,0,1
29/7/2002,Monday,0.007784008,0.007467575,-0.010550113,1,0,0,0,0
30/7/2002,Tuesday,0.006853964,0.00502938,0,0,1,0,0,0
31/7/2002,Wednesday,-0.005527141,0.003589498,0.006996438,0,0,1,0,0
1/8/2002,Thursday,0.005718324,0.00429163,-0.044877231,0,0,0,1,0
2/8/2002,Friday,-0.004704492,-0.013656731,0.022281895,0,0,0,0,1
5/8/2002,Monday,-0.01841488,-0.019307206,-0.035388627,1,0,0,0,0
6/8/2002,Tuesday,-0.010572851,-0.008436894,-0.01644762,0,1,0,0,0
7/8/2002,Wednesday,0.018869759,0.025700473,-0.01344175,0,0,1,0,0
8/8/2002,Thursday,-0.005285942,-0.003074621,0.058298901,0,0,0,1,0
9/8/2002,Friday,0,0,0,0,0,0,0,1
12/8/2002,Monday,-0.000248886,-0.002099821,-0.018150873,1,0,0,0,0
13/8/2002,Tuesday,0.028249548,0.030125075,0.006154332,0,1,0,0,0
14/8/2002,Wednesday,-0.001308875,0.003766517,0.012907704,0,0,1,0,0
15/8/2002,Thursday,0.003144955,0.005402826,-0.003669828,0,0,0,1,0
16/8/2002,Friday,-0.006050227,-0.004052499,0,0,0,0,0,1
19/8/2002,Monday,0.007074614,0.005345977,-0.021072103,1,0,0,0,0
20/8/2002,Tuesday,0.00013042,0.00680644,-0.016159963,0,1,0,0,0
21/8/2002,Wednesday,-9.13E-05,-0.008967396,0.001125035,0,0,1,0,0
22/8/2002,Thursday,0.005560104,0.009308958,0.030073991,0,0,0,1,0
23/8/2002,Friday,-0.00658445,-0.002610161,-0.036594224,0,0,0,0,1
26/8/2002,Monday,-0.010407123,-0.012724661,0.001020782,1,0,0,0,0
27/8/2002,Tuesday,-0.004336451,-0.00135868,0.009237876,0,1,0,0,0
28/8/2002,Wednesday,-0.00303877,-0.005706782,-0.021072103,0,0,1,0,0
29/8/2002,Thursday,-0.009715459,-0.000835312,-0.032186073,0,0,0,1,0
30/8/2002,Friday,-0.00124209,0.000139383,0.027322612,0,0,0,0,1
2/9/2002,Monday,-0.018866821,-0.008352959,-0.01943275,1,0,0,0,0
3/9/2002,Tuesday,-0.003951164,-0.002286438,-0.023582119,0,1,0,0,0
4/9/2002,Wednesday,0.001758001,-0.004571572,-0.021072103,0,0,1,0,0
5/9/2002,Thursday,-0.006684475,-0.011182091,-0.023256559,0,0,0,1,0
6/9/2002,Friday,-0.003591264,-0.00117781,-0.008511923,0,0,0,0,1
9/9/2002,Monday,-0.013040614,-0.012220629,-0.006452172,1,0,0,0,0
10/9/2002,Tuesday,0.016707855,0.016723846,-0.062030986,0,1,0,0,0
11/9/2002,Wednesday,0.000414313,0.000550446,0.062030986,0,0,1,0,0
12/9/2002,Thursday,-0.010444557,-0.01100674,-0.004395781,0,0,0,1,0
13/9/2002,Friday,-0.000998105,-0.000979833,-0.017402275,0,0,0,0,1
16/9/2002,Monday,0.007381904,0.001109899,0.017402275,1,0,0,0,0
17/9/2002,Tuesday,0.010933968,0.010704145,0.013700189,0,1,0,0,0
18/9/2002,Wednesday,-0.018839753,-0.017442222,-0.031102465,0,0,1,0,0
19/9/2002,Thursday,0.005476679,-0.001033621,-0.012762303,0,0,0,1,0
20/9/2002,Friday,-0.012642906,-0.021437846,0.017158084,0,0,0,0,1
23/9/2002,Monday,-0.003673092,0.004444605,-0.04462871,1,0,0,0,0
24/9/2002,Tuesday,-0.027750815,-0.027273153,-0.034928077,0,1,0,0,0
25/9/2002,Wednesday,-0.025335125,-0.019863921,-0.016269128,0,0,1,0,0
26/9/2002,Thursday,0.010130102,0.004456049,0.009919388,0,0,0,1,0
27/9/2002,Friday,0.012893101,0.013069215,-0.020356539,0,0,0,0,1
30/9/2002,Monday,-0.015839286,-0.022404793,-0.011431683,1,0,0,0,0
1/10/2002,Tuesday,0.002341411,7.43E-05,-0.093718572,0,1,0,0,0
2/10/2002,Wednesday,-2.95E-05,0.000242597,0.010258659,0,0,1,0,0
3/10/2002,Thursday,-0.002548563,-0.004658622,0.050262886,0,0,0,1,0
4/10/2002,Friday,0.011465258,0.008211724,-0.047778382,0,0,0,0,1
7/10/2002,Monday,0.008040303,0.006423842,-0.023556607,1,0,0,0,0
8/10/2002,Tuesday,0.012900522,0.011496398,0.065700813,0,1,0,0,0
9/10/2002,Wednesday,-0.014374105,-0.009081443,0,0,0,1,0,0
10/10/2002,Thursday,-0.014067893,-0.018002942,-0.0117681,0,0,0,1,0
11/10/2002,Friday,0.01196628,0.010175922,-0.01221626,0,0,0,0,1
14/10/2002,Monday,0.003451875,0.002467602,-0.00756134,1,0,0,0,0
15/10/2002,Tuesday,0.036498218,0.033884704,0.046483879,0,1,0,0,0
16/10/2002,Wednesday,0.006532531,0.00719552,0.042938083,0,0,1,0,0
17/10/2002,Thursday,0.018568072,0.019657168,0.023428288,0,0,0,1,0
18/10/2002,Friday,-0.003163208,0.001366832,0.050051357,0,0,0,0,1
